,Temperature,Light,CO2,Occupancy
0,23.7,585.2,749.2,1
1,23.718,578.4,760.4,1
2,23.73,572.6666667,769.6666667,1
3,23.7225,493.75,774.75,1
4,23.754,488.6,779.0,1
5,23.76,568.6666667,790.0,1
6,23.73,536.3333333,798.0,1
7,23.754,509.0,797.0,1
8,23.754,476.0,803.2,1
9,23.736,510.0,809.0,1
10,23.745,481.5,815.25,1
11,23.7,481.8,824.0,1
12,23.7,475.25,832.0,1
13,23.7,469.0,845.3333333,1
14,23.7,464.0,852.4,1
15,23.7,464.0,861.0,1
16,23.7,455.0,880.0,1
17,23.6,454.0,891.0,1
18,23.64,458.0,897.6,1
19,23.65,464.0,900.5,1
20,23.64,473.0,908.8,1
21,23.6,464.0,918.0,1
22,23.6,498.4,925.2,1
23,23.6,530.2,929.4,1
24,23.6,533.6,936.4,1
25,23.6,524.25,950.0,1
26,23.625,498.6666667,961.0,1
27,23.6,516.3333333,963.0,1
28,23.6,501.2,958.6,1
29,23.6,522.0,965.3333333,1
30,23.6,520.5,979.25,1
31,23.6,505.2857143,978.4285714,1
32,23.6,488.3333333,983.0,1
33,23.6,512.0,992.6,1
34,23.6,511.0,997.2,1
35,23.61666667,501.5,999.5,1
36,23.66666667,503.6666667,1001.0,1
37,23.6,483.1666667,1009.5,1
38,23.6,483.5,1019.0,1
39,23.6,473.0,1021.0,1
40,23.6,470.3333333,1024.666667,1
41,23.6,480.1428571,1030.428571,1
42,23.575,464.0,1026.25,1
43,23.54,474.4,1028.0,1
44,23.6,470.0,1034.8,1
45,23.525,454.0,1055.5,1
46,23.5,454.0,1055.25,1
47,23.5,454.0,1050.0,1
48,23.5,454.0,1051.25,1
49,23.5,445.0,1053.6,1
50,23.5,439.0,1055.5,1
51,23.5,444.25,1055.0,1
52,23.445,454.75,1059.5,1
53,23.39,455.8,1060.0,1
54,23.39,451.6,1073.6,1
55,23.39,451.6,1078.6,1
56,23.39,454.75,1081.0,1
57,23.39,454.75,1082.0,1
58,23.39,457.5,1088.833333,1
59,23.37,464.0,1090.6,1
60,23.39,464.0,1086.0,1
61,23.37333333,464.0,1092.5,1
62,23.39,471.5,1103.75,1
63,23.32333333,475.6666667,1104.5,1
64,23.365,471.5,1103.5,1
65,23.29,467.75,1112.0,1
66,23.30666667,466.5,1105.666667,1
67,23.29,464.0,1104.0,1
68,23.29,467.0,1117.2,1
69,23.29,467.75,1121.25,1
70,23.29,466.5,1115.666667,1
71,23.29,459.0,1120.0,1
72,23.29,464.0,1123.75,1
73,23.29,470.0,1116.0,1
74,23.272,464.0,1126.8,1
75,23.2,464.0,1112.75,1
76,23.23,449.0,1104.5,1
77,23.29,464.0,1108.0,1
78,23.215,462.3333333,1127.833333,1
79,23.2,469.0,1128.75,1
80,23.2,469.0,1124.25,1
81,23.2,469.0,1130.4,1
82,23.2,464.0,1138.0,1
83,23.2,456.5,1144.0,1
84,23.2,457.0,1140.0,1
85,23.2,450.25,1139.25,1
86,23.2,446.0,1167.333333,1
87,23.14,451.6,1159.6,1
88,23.15,454.75,1157.75,1
89,23.15,448.0,1159.5,1
90,23.18,444.0,1156.4,1
91,23.11666667,444.0,1160.0,1
92,23.14,444.0,1169.8,1
93,23.1,444.0,1176.166667,1
94,23.1,444.0,1175.25,1
95,23.1,444.0,1166.6,1
96,23.1,444.0,1140.25,1
97,23.06,444.0,1089.2,1
98,23.02,435.0,1042.6,1
99,23.01,432.0,1051.1,1
100,23.0,429.0,1059.6,1
101,23.0,429.0,1064.6,1
102,22.98166667,429.0,1061.666667,1
103,23.0,429.0,1058.333333,1
104,23.0,429.0,1061.6,1
105,22.98166667,429.0,1070.333333,1
106,22.945,429.0,1074.0,1
107,23.0,429.0,1086.25,1
108,22.956,429.0,1089.6,1
109,22.9725,429.0,1085.0,1
110,22.945,429.0,1085.0,1
111,23.0,429.0,1088.0,1
112,22.945,429.0,1091.75,1
113,23.0,429.0,1091.333333,1
114,22.912,429.0,1088.2,1
115,22.89,429.0,1087.5,1
116,22.89,432.0,1079.2,1
117,22.865,432.75,1077.25,1
118,22.87333333,439.0,1064.166667,1
119,22.87333333,429.0,1056.4,1
120,22.89,432.75,1043.6,1
121,22.815,432.75,1039.5,1
122,22.84,436.5,1028.666667,1
123,22.79,438.0,1020.4,1
124,22.79,444.0,1018.0,1
125,22.79,435.4285714,1015.142857,1
126,22.79,434.0,1006.333333,1
127,22.79,432.0,1002.6,1
128,22.772,438.0,993.2,1
129,22.76,439.0,983.3333333,1
130,22.7,432.0,976.2,1
131,22.7225,432.75,980.75,1
132,22.7,434.0,971.3333333,1
133,22.7,444.0,966.6666667,1
134,22.7,444.0,963.0,1
135,22.7,441.5,952.3333333,1
136,22.7,444.0,948.0,1
137,22.7,444.0,945.0,1
138,22.7,441.0,941.6,1
139,22.7,438.0,929.8,1
140,22.7,441.0,923.8,1
141,22.7,440.25,919.0,1
142,22.7,439.0,918.25,1
143,22.7,438.0,919.4,1
144,22.7,439.0,927.3333333,1
145,22.7,432.75,920.25,1
146,22.68,432.0,902.4,1
147,22.64,429.0,904.4,1
148,22.6,429.0,897.0,1
149,22.66666667,429.0,892.0,1
150,22.6,433.5,882.5,1
151,22.62,436.2,887.2,1
152,22.625,442.5,889.25,1
153,22.6,443.4,889.2,1
154,22.65,438.0,880.75,1
155,22.6,442.5,868.75,1
156,22.6,439.8,861.0,1
157,22.6,439.8,860.6,1
158,22.6,435.5,864.0,1
159,22.6,430.75,859.0,1
160,22.6,440.6,854.4,1
161,22.6,428.2,847.4,1
162,22.6,432.2,837.2,1
163,22.6,431.75,834.75,1
164,22.6,429.2,832.4,1
165,22.6,433.0,832.0,1
166,22.6,433.0,836.25,1
167,22.6,428.2,832.6,1
168,22.6,428.25,821.5,1
169,22.6,425.4,832.4,1
170,22.6,429.2,832.4,1
171,22.56,433.0,830.75,1
172,22.58,433.0,821.5,1
173,22.575,433.0,818.25,1
174,22.56,433.0,819.8,1
175,22.55,433.0,822.5,1
176,22.6,433.0,818.0,1
177,22.58,433.0,812.8,1
178,22.56666667,433.0,816.5,1
179,22.525,433.0,822.25,1
180,22.54,433.0,825.0,1
181,22.5,433.0,816.5,1
182,22.5,433.0,811.5,1
183,22.5,433.0,811.0,1
184,22.56,433.0,812.2,1
185,22.525,426.0,814.25,1
186,22.52,430.2,824.0,1
187,22.575,433.0,834.5,1
188,22.6,433.0,837.0,1
189,22.6,433.0,841.1666667,1
190,22.6,433.0,845.3333333,1
191,22.6,433.0,854.75,1
192,22.6,428.3333333,850.3333333,1
193,22.6,424.6,845.4,1
194,22.6,433.0,854.3333333,1
195,22.6,428.3333333,849.3333333,0
196,22.6,422.5,853.0,0
197,22.6,423.6666667,853.0,0
198,22.54,424.6,852.0,0
199,22.54,427.4,853.6,0
200,22.54,421.8,845.6,0
201,22.525,426.0,834.25,0
202,22.5,421.8,826.4,0
203,22.5,419.0,819.6,0
204,22.5,419.0,829.6,0
205,22.5,419.0,824.0,0
206,22.5,419.0,814.2,0
207,22.5,419.0,813.5,0
208,22.5,419.0,813.8,0
209,22.5,419.0,811.0,0
210,22.478,419.0,804.6,0
211,22.456,419.0,807.8,0
212,22.5,419.0,802.3333333,0
213,22.4175,419.0,796.75,0
214,22.456,419.0,794.4,0
215,22.39,419.0,790.6,0
216,22.4175,419.0,789.75,0
217,22.39,419.0,782.2,0
218,22.39,419.0,772.25,1
219,22.39,419.0,772.925,1
220,22.39,419.0,773.6,1
221,22.39,419.0,773.75,1
222,22.39,416.2,771.8,1
223,22.39,418.6,782.8,1
224,22.39,415.0,796.5,1
225,22.39,310.25,809.0,1
226,22.39,0.0,805.5,0
227,22.35,0.0,791.4,0
228,22.32333333,0.0,779.3333333,0
229,22.365,0.0,780.75,0
230,22.315,0.0,781.75,0
231,22.29,0.0,781.0,0
232,22.29,0.0,778.4,0
233,22.26,0.0,769.3333333,0
234,22.254,0.0,766.5,0
235,22.23,0.0,763.25,0
236,22.26,0.0,762.3333333,0
237,22.2,0.0,761.5,0
238,22.2,0.0,761.0,0
239,22.2,0.0,757.0,0
240,22.2,0.0,752.3333333,0
241,22.13333333,0.0,748.6666667,0
242,22.1,0.0,746.25,0
243,22.15,0.0,745.25,0
244,22.1,0.0,740.6666667,0
245,22.1,0.0,738.0,0
246,22.13333333,0.0,732.6666667,0
247,22.1,0.0,727.0,0
248,22.1,0.0,716.0,0
249,22.06666667,0.0,723.25,0
250,22.06666667,0.0,718.3333333,0
251,22.0,0.0,716.6,0
252,21.978,0.0,714.0,0
253,21.978,0.0,714.2,0
254,21.945,0.0,715.0,0
255,21.92666667,0.0,706.6666667,0
256,21.89,0.0,706.0,0
257,21.89,0.0,698.75,0
258,21.89,0.0,692.5,0
259,21.89,0.0,694.75,0
260,21.815,0.0,697.25,0
261,21.82333333,0.0,692.0,0
262,21.79,0.0,691.0,0
263,21.79,0.0,689.75,0
264,21.79,0.0,689.0,0
265,21.7675,0.0,687.0,0
266,21.7675,0.0,679.75,0
267,21.754,0.0,668.4,0
268,21.7,0.0,665.6666667,0
269,21.7,0.0,664.75,0
270,21.7,0.0,668.0,0
271,21.7,0.0,661.25,0
272,21.64,0.0,658.2,0
273,21.6,0.0,656.0,0
274,21.6,0.0,654.8,0
275,21.6,0.0,653.75,0
276,21.5,0.0,650.3333333,0
277,21.5,0.0,650.75,0
278,21.55,0.0,648.25,0
279,21.5,0.0,640.3333333,0
280,21.5,0.0,638.0,0
281,21.5,0.0,636.25,0
282,21.5,0.0,636.3333333,0
283,21.5,0.0,635.75,0
284,21.5,0.0,635.5,0
285,21.5,0.0,627.5,0
286,21.5,0.0,626.25,0
287,21.5,0.0,621.5,0
288,21.5,0.0,621.75,0
289,21.5,0.0,620.6666667,0
290,21.5,0.0,617.0,0
291,21.5,0.0,612.75,0
292,21.4725,0.0,614.5,0
293,21.39,0.0,617.3333333,0
294,21.42666667,0.0,614.25,0
295,21.39,0.0,610.75,0
296,21.39,0.0,603.0,0
297,21.39,0.0,603.5,0
298,21.365,0.0,602.0,0
299,21.32333333,0.0,605.6666667,0
300,21.34,0.0,604.5,0
301,21.315,0.0,599.0,0
302,21.35666667,0.0,600.0,0
303,21.39,0.0,596.5,0
304,21.315,0.0,597.5,0
305,21.29,0.0,594.0,0
306,21.29,0.0,590.5,0
307,21.29,0.0,586.6666667,0
308,21.29,0.0,588.0,0
309,21.29,0.0,585.5,0
310,21.29,0.0,584.5,0
311,21.254,0.0,587.2,0
312,21.23,0.0,585.0,0
313,21.218,0.0,579.4,0
314,21.2,0.0,579.3333333,0
315,21.2,0.0,581.6,0
316,21.2,0.0,581.6666667,0
317,21.2,0.0,577.5,0
318,21.2,0.0,577.3333333,0
319,21.2,0.0,574.25,0
320,21.2,0.0,569.0,0
321,21.2,0.0,565.3333333,0
322,21.2,0.0,561.4,0
323,21.2,0.0,567.3333333,0
324,21.175,0.0,565.3333333,0
325,21.16666667,0.0,563.5,0
326,21.125,0.0,559.0,0
327,21.1,0.0,559.5,0
328,21.125,0.0,550.5,0
329,21.1,0.0,553.0,0
330,21.13333333,0.0,552.0,0
331,21.1,0.0,553.25,0
332,21.1,0.0,545.75,0
333,21.1,0.0,548.0,0
334,21.1,0.0,547.0,0
335,21.1,0.0,545.75,0
336,21.1,0.0,544.0,0
337,21.1,0.0,545.5,0
338,21.1,0.0,547.0,0
339,21.1,0.0,545.25,0
340,21.1,0.0,541.25,0
341,21.125,0.0,540.75,0
342,21.1,0.0,533.3333333,0
343,21.13333333,0.0,528.0,0
344,21.1,0.0,537.75,0
345,21.1,0.0,539.5,0
346,21.1,0.0,535.25,0
347,21.1,0.0,537.25,0
348,21.1,0.0,535.25,0
349,21.1,0.0,533.4,0
350,21.1,0.0,524.5,0
351,21.1,0.0,524.8,0
352,21.1,0.0,522.6666667,0
353,21.1,0.0,521.0,0
354,21.125,0.0,519.75,0
355,21.1,0.0,523.0,0
356,21.1,0.0,523.0,0
357,21.1,0.0,519.0,0
358,21.1,0.0,519.5,0
359,21.1,0.0,519.75,0
360,21.1,0.0,520.0,0
361,21.1,0.0,524.6,0
362,21.075,0.0,520.25,0
363,21.075,0.0,519.0,0
364,21.1,0.0,523.2,0
365,21.03333333,0.0,517.6666667,0
366,21.02,0.0,514.2,0
367,21.025,0.0,516.5,0
368,21.0,0.0,521.0,0
369,21.0,0.0,520.0,0
370,21.0,0.0,517.8,0
371,21.0,0.0,514.3333333,0
372,21.0,0.0,516.75,0
373,21.0,0.0,520.75,0
374,21.0,0.0,519.3333333,0
375,21.0,0.0,519.0,0
376,21.0,0.0,509.75,0
377,21.0,0.0,508.5,0
378,20.9725,0.0,504.5,0
379,21.0,0.0,506.5,0
380,20.9725,0.0,509.0,0
381,20.96333333,0.0,507.25,0
382,21.0,0.0,509.3333333,0
383,20.89,0.0,509.6666667,0
384,20.89,0.0,508.25,0
385,20.89,0.0,510.25,0
386,20.89,0.0,504.0,0
387,20.89,0.0,499.3333333,0
388,20.89,0.0,495.0,0
389,20.89,0.0,496.25,0
390,20.89,0.0,494.75,0
391,20.89,0.0,492.5,0
392,20.89,0.0,494.25,0
393,20.89,0.0,492.3333333,0
394,20.89,0.0,493.75,0
395,20.89,0.0,484.75,0
396,20.89,0.0,489.25,0
397,20.89,0.0,494.5,0
398,20.89,0.0,495.6666667,0
399,20.89,0.0,501.5,0
400,20.89,0.0,499.6666667,0
401,20.89,0.0,492.5,0
402,20.89,0.0,494.25,0
403,20.89,0.0,494.0,0
404,20.9725,0.0,489.25,0
405,20.9175,0.0,490.0,0
406,20.89,0.0,495.5,0
407,20.89,0.0,498.0,0
408,20.89,0.0,495.0,0
409,20.912,0.0,490.2,0
410,20.92666667,0.0,492.3333333,0
411,20.89,0.0,491.6666667,0
412,20.89,0.0,488.0,0
413,20.934,0.0,488.0,0
414,20.89,0.0,485.0,0
415,20.89,0.0,490.0,0
416,20.9175,0.0,489.5,0
417,20.89,0.0,485.25,0
418,20.89,0.0,485.6666667,0
419,20.9175,0.0,485.0,0
420,20.89,0.0,485.2,0
421,20.945,0.0,484.0,0
422,20.89,0.0,483.0,0
423,20.89,0.0,481.0,0
424,20.89,0.0,476.5,0
425,20.89,0.0,475.0,0
426,20.89,0.0,476.0,0
427,20.89,0.0,478.5,0
428,20.89,0.0,481.0,0
429,20.89,0.0,483.0,0
430,20.85666667,0.0,480.25,0
431,20.89,0.0,480.25,0
432,20.89,0.0,470.75,0
433,20.89,0.0,474.75,0
434,20.89,0.0,482.25,0
435,20.89,0.0,480.3333333,0
436,20.89,0.0,480.0,0
437,20.89,0.0,481.5,0
438,20.89,0.0,483.5,0
439,20.89,0.0,475.6,0
440,20.89,0.0,475.3333333,0
441,20.89,0.0,477.6666667,0
442,20.89,0.0,475.75,0
443,20.89,0.0,479.1666667,0
444,20.865,0.0,475.0,0
445,20.865,0.0,474.0,0
446,20.89,0.0,477.3333333,0
447,20.89,0.0,473.0,0
448,20.89,0.0,470.0,0
449,20.865,0.0,468.75,0
450,20.87,0.0,471.4,0
451,20.89,0.0,471.0,0
452,20.89,0.0,468.0,0
453,20.85,0.0,468.6,0
454,20.81,0.0,467.4,0
455,20.79,0.0,469.0,0
456,20.79,0.0,471.25,0
457,20.82333333,0.0,470.6666667,0
458,20.79,0.0,466.75,0
459,20.79,0.0,466.8,0
460,20.79,0.0,468.75,0
461,20.79,0.0,467.5,0
462,20.79,0.0,469.6666667,0
463,20.79,0.0,469.75,0
464,20.79,0.0,469.75,0
465,20.79,0.0,467.25,0
466,20.772,0.0,461.4,0
467,20.79,0.0,469.25,0
468,20.79,0.0,468.0,0
469,20.73,0.0,469.0,0
470,20.79,0.0,467.25,0
471,20.79,0.0,467.4,0
472,20.79,0.0,467.6666667,0
473,20.745,0.0,471.5,0
474,20.76,0.0,471.6666667,0
475,20.7225,0.0,464.75,0
476,20.7225,0.0,461.75,0
477,20.7225,0.0,458.5,0
478,20.745,0.0,459.5,0
479,20.7225,0.0,460.5,0
480,20.76,0.0,465.3333333,0
481,20.7225,0.0,465.0,0
482,20.7225,0.0,459.0,0
483,20.7675,0.0,463.0,0
484,20.745,0.0,460.75,0
485,20.7,0.0,461.5,0
486,20.7,0.0,466.0,0
487,20.7675,0.0,460.25,0
488,20.718,0.0,457.4,0
489,20.7,0.0,464.6,0
490,20.73,0.0,464.3333333,0
491,20.7,0.0,459.3333333,0
492,20.7,0.0,459.75,0
493,20.7225,0.0,459.25,0
494,20.7,0.0,463.0,0
495,20.7225,0.0,461.5,0
496,20.7,0.0,454.5,0
497,20.7,0.0,458.3333333,0
498,20.718,0.0,463.0,0
499,20.7,0.0,463.75,0
500,20.7,0.0,460.6,0
501,20.7,0.0,455.25,0
502,20.7,0.0,455.6666667,0
503,20.7,0.0,456.25,0
504,20.7,0.0,459.6666667,0
505,20.7,0.0,462.0,0
506,20.7225,0.0,460.25,0
507,20.718,0.0,462.0,0
508,20.73,0.0,461.0,0
509,20.7,0.0,461.6666667,0
510,20.745,0.0,460.25,0
511,20.7225,0.0,456.25,0
512,20.745,0.0,457.5,0
513,20.772,0.0,455.8,0
514,20.76,0.0,455.0,0
515,20.7675,0.0,451.25,0
516,20.745,0.0,453.75,0
517,20.736,0.0,456.2,0
518,20.73,0.0,453.6666667,0
519,20.7,0.0,452.75,0
520,20.76,0.0,454.0,0
521,20.745,0.0,452.5,0
522,20.73,0.0,456.0,0
523,20.745,0.0,451.5,0
524,20.7,0.0,449.8,0
525,20.7,0.0,449.25,0
526,20.7,0.0,452.25,0
527,20.7225,0.0,451.25,0
528,20.7,0.0,453.0,0
529,20.7,0.0,453.25,0
530,20.7,0.0,456.6666667,0
531,20.7,0.0,455.75,0
532,20.7,0.0,458.0,0
533,20.7,0.0,458.75,0
534,20.7,0.0,455.5,0
535,20.7,0.0,455.0,0
536,20.7,0.0,453.3333333,0
537,20.7,0.0,454.6,0
538,20.7,0.0,457.5,0
539,20.7,0.0,449.6666667,0
540,20.7,0.0,452.0,0
541,20.7,0.0,453.5,0
542,20.7,0.0,452.0,0
543,20.7,0.0,450.6,0
544,20.7,0.0,450.6666667,0
545,20.7,0.0,451.0,0
546,20.7,0.0,454.5,0
547,20.7,0.0,457.25,0
548,20.7,0.0,456.0,0
549,20.675,0.0,456.5,0
550,20.675,0.0,453.5,0
551,20.7,0.0,454.25,0
552,20.675,0.0,454.0,0
553,20.675,0.0,451.0,0
554,20.66666667,0.0,450.25,0
555,20.625,0.0,449.75,0
556,20.675,0.0,452.0,0
557,20.65,0.0,452.5,0
558,20.64,0.0,454.0,0
559,20.63333333,0.0,453.0,0
560,20.7,0.0,454.0,0
561,20.675,0.0,450.0,0
562,20.625,0.0,451.75,0
563,20.675,0.0,450.25,0
564,20.625,0.0,445.0,0
565,20.65,0.0,446.25,0
566,20.66666667,0.0,450.6666667,0
567,20.64,0.0,453.6,0
568,20.63333333,0.0,450.3333333,0
569,20.65,0.0,445.5,0
570,20.65,0.0,443.0,0
571,20.65,0.0,449.25,0
572,20.63333333,0.0,454.6666667,0
573,20.65,0.0,449.0,0
574,20.625,0.0,448.5,0
575,20.6,0.0,449.6,0
576,20.6,0.0,454.0,0
577,20.6,0.0,451.25,0
578,20.6,0.0,449.3333333,0
579,20.6,0.0,446.0,0
580,20.6,0.0,445.75,0
581,20.6,0.0,451.5,0
582,20.6,0.0,455.25,0
583,20.6,0.0,455.25,0
584,20.63333333,0.0,451.6666667,0
585,20.6,0.0,451.0,0
586,20.6,0.0,448.75,0
587,20.6,0.0,445.75,0
588,20.6,0.0,444.75,0
589,20.6,0.0,446.3333333,0
590,20.6,0.0,450.0,0
591,20.575,0.0,446.5,0
592,20.6,0.0,446.5,0
593,20.575,0.0,447.75,0
594,20.58,0.0,449.6,0
595,20.6,0.0,451.6666667,0
596,20.6,0.0,450.0,0
597,20.6,0.0,449.25,0
598,20.575,0.0,449.75,0
599,20.55,0.0,453.75,0
600,20.6,0.0,453.0,0
601,20.6,0.0,450.5,0
602,20.56666667,0.0,447.0,0
603,20.575,0.0,443.75,0
604,20.6,0.0,444.25,0
605,20.6,0.0,451.5,0
606,20.6,0.0,448.4,0
607,20.6,0.0,449.0,0
608,20.6,0.0,449.3333333,0
609,20.6,0.0,446.25,0
610,20.6,0.0,446.6,0
611,20.6,0.0,447.6666667,0
612,20.6,0.0,447.0,0
613,20.6,0.0,446.75,0
614,20.6,0.0,449.3333333,0
615,20.58,0.0,451.2,0
616,20.6,0.0,454.0,0
617,20.6,0.0,451.0,0
618,20.6,0.0,450.25,0
619,20.6,0.0,450.0,0
620,20.6,0.0,449.0,0
621,20.6,0.0,446.0,0
622,20.58,0.0,443.2,0
623,20.56666667,0.0,443.3333333,0
624,20.6,0.0,448.0,0
625,20.6,0.0,454.0,0
626,20.6,0.0,451.5,0
627,20.6,0.0,451.3333333,0
628,20.55,0.0,447.0,0
629,20.55,0.0,448.5,0
630,20.525,0.0,450.5,0
631,20.575,0.0,446.5,0
632,20.6,0.0,447.3333333,0
633,20.575,0.0,453.5,0
634,20.56666667,0.0,451.3333333,0
635,20.58,0.0,449.4,0
636,20.53333333,0.0,453.6666667,0
637,20.575,0.0,448.25,0
638,20.575,0.0,452.0,0
639,20.525,0.0,452.6666667,0
640,20.6,0.0,454.6666667,0
641,20.6,0.0,453.2,0
642,20.56,0.0,447.6,0
643,20.6,0.0,447.6666667,0
644,20.55,0.0,448.0,0
645,20.55,0.0,451.0,0
646,20.6,0.0,451.0,0
647,20.525,0.0,451.0,0
648,20.525,0.0,449.75,0
649,20.52,0.0,453.0,0
650,20.5,0.0,453.5,0
651,20.5,0.0,452.3333333,0
652,20.525,0.0,452.0,0
653,20.6,0.0,450.6666667,0
654,20.5,0.0,449.5,0
655,20.6,0.0,449.75,0
656,20.56,0.0,449.0,0
657,20.6,0.0,451.3333333,0
658,20.56666667,0.0,449.0,0
659,20.56666667,0.0,448.0,0
660,20.575,0.0,443.25,0
661,20.55,0.0,446.5,0
662,20.6,0.0,448.75,0
663,20.6,0.0,451.0,0
664,20.6,0.0,451.5,0
665,20.56666667,0.0,455.0,0
666,20.6,0.0,451.6,0
667,20.6,0.0,452.6666667,0
668,20.6,0.0,448.2,0
669,20.6,0.0,445.75,0
670,20.6,0.0,446.6666667,0
671,20.6,0.0,446.3333333,0
672,20.6,0.0,444.75,0
673,20.6,0.0,444.5,0
674,20.58,0.0,446.0,0
675,20.56666667,0.0,443.3333333,0
676,20.6,0.0,447.0,0
677,20.56666667,0.0,446.0,0
678,20.6,0.0,445.25,0
679,20.575,0.0,442.0,0
680,20.575,0.0,443.0,0
681,20.6,0.0,443.0,0
682,20.6,0.0,446.3333333,0
683,20.6,0.0,449.0,0
684,20.6,0.0,445.25,0
685,20.6,0.0,441.25,0
686,20.575,0.0,441.75,0
687,20.575,0.0,441.5,0
688,20.6,0.0,445.0,0
689,20.575,0.0,446.0,0
690,20.55,0.0,442.5,0
691,20.56666667,0.0,445.0,0
692,20.525,0.0,443.5,0
693,20.56,0.0,443.0,0
694,20.6,0.0,444.3333333,0
695,20.53333333,0.0,443.6666667,0
696,20.58,0.0,443.4,0
697,20.6,0.0,447.0,0
698,20.6,0.0,446.25,0
699,20.56,0.0,445.6,0
700,20.55,0.0,448.5,0
701,20.6,0.0,443.6666667,0
702,20.58,0.0,444.4,0
703,20.6,0.0,444.3333333,0
704,20.575,0.0,443.5,0
705,20.56666667,0.0,451.0,0
706,20.575,0.0,444.5,0
707,20.6,0.0,443.0,0
708,20.53333333,0.0,445.6666667,0
709,20.56,0.0,447.8,0
710,20.6,0.0,445.0,0
711,20.575,0.0,442.5,0
712,20.525,0.0,446.75,0
713,20.525,0.0,442.75,0
714,20.5,0.0,441.3333333,0
715,20.525,0.0,443.75,0
716,20.5,0.0,441.25,0
717,20.5,0.0,440.25,0
718,20.5,0.0,441.5,0
719,20.5,0.0,439.3333333,0
720,20.5,0.0,439.0,0
721,20.5,0.0,445.3333333,0
722,20.5,0.0,443.5,0
723,20.5,0.0,439.8,0
724,20.5,0.0,438.25,0
725,20.5,0.0,443.0,0
726,20.5,0.0,440.75,0
727,20.5,0.0,438.2,0
728,20.5,0.0,441.3333333,0
729,20.5,0.0,438.25,0
730,20.5,0.0,436.5,0
731,20.5,0.0,439.3333333,0
732,20.5,0.0,439.75,0
734,20.5,0.0,441.1666667,0
735,20.5,0.0,441.6666667,0
736,20.5,0.0,438.5,0
737,20.5,0.0,439.75,0
738,20.5,0.0,438.2,0
739,20.5,0.0,438.6666667,0
740,20.5,0.0,442.0,0
741,20.5,0.0,447.75,0
742,20.5,0.0,442.3333333,0
743,20.5,0.0,442.25,0
744,20.5,0.0,445.75,0
745,20.5,0.0,441.5,0
746,20.5,0.0,437.25,0
747,20.5,0.0,439.0,0
748,20.5,0.0,436.5,0
749,20.5,0.0,432.5,0
750,20.5,0.0,427.5,0
751,20.5,0.0,437.5,0
752,20.5,0.0,436.6666667,0
753,20.5,0.0,435.0,0
754,20.5,0.0,437.0,0
755,20.5,0.0,438.6666667,0
756,20.5,0.0,440.5,0
757,20.5,0.0,442.75,0
758,20.5,0.0,438.0,0
759,20.5,0.0,436.25,0
760,20.46333333,0.0,441.3333333,0
761,20.5,0.0,441.0,0
762,20.5,0.0,437.0,0
763,20.5,0.0,435.2,0
764,20.5,0.0,433.3333333,0
765,20.5,0.0,435.0,0
766,20.5,0.0,433.8,0
767,20.5,0.0,435.3333333,0
768,20.5,0.0,437.25,0
769,20.5,0.0,434.4,0
770,20.5,0.0,431.75,0
771,20.5,0.0,437.3333333,0
772,20.5,0.0,439.6666667,0
773,20.478,0.0,435.6,0
774,20.456,0.0,433.0,0
775,20.478,0.0,432.6,0
776,20.5,0.0,435.75,0
777,20.42666667,0.0,436.0,0
778,20.5,0.0,434.5,0
779,20.478,0.0,435.4,0
780,20.42666667,0.0,437.3333333,0
781,20.4175,0.0,430.75,0
782,20.456,0.0,439.2,0
783,20.4725,0.0,441.5,0
784,20.46333333,0.0,445.6666667,0
785,20.5,0.0,443.25,0
786,20.4175,0.0,438.25,0
787,20.46333333,0.0,437.0,0
788,20.478,0.0,429.8,0
789,20.5,0.0,431.2,0
790,20.5,0.0,435.8,0
791,20.4725,0.0,435.75,0
792,20.445,0.0,434.25,0
793,20.5,0.0,434.6,0
794,20.5,0.0,434.0,0
795,20.5,0.0,433.5,0
796,20.5,0.0,434.6666667,0
797,20.5,0.0,437.5,0
798,20.5,0.0,438.5,0
799,20.5,0.0,436.6666667,0
800,20.5,0.0,431.1666667,0
801,20.5,0.0,436.0,0
802,20.4725,0.0,438.25,0
803,20.5,0.0,439.0,0
804,20.5,0.0,436.6,0
805,20.5,0.0,432.6666667,0
806,20.5,0.0,433.25,0
807,20.4725,0.0,433.5,0
808,20.4725,0.0,435.75,0
809,20.5,0.0,436.0,0
810,20.5,0.0,430.8,0
811,20.434,0.0,435.4,0
812,20.4175,0.0,433.5,0
813,20.39,0.0,429.75,0
814,20.39,0.0,430.0,0
815,20.39,0.0,433.0,0
816,20.39,0.0,436.25,0
817,20.39,0.0,433.5,0
818,20.39,0.0,434.25,0
819,20.39,0.0,430.3333333,0
820,20.39,0.0,429.6,0
821,20.39,0.0,433.5,0
822,20.39,0.0,435.6,0
823,20.39,0.0,434.6666667,0
824,20.39,0.0,432.3333333,0
825,20.39,0.0,438.0,0
826,20.39,0.0,436.5,0
827,20.39,0.0,440.75,0
828,20.39,0.0,438.0,0
829,20.39,0.0,434.75,0
831,20.39,0.0,435.6666667,0
832,20.39,0.0,434.0,0
833,20.35,0.0,429.2,0
834,20.39,0.0,431.5,0
835,20.39,0.0,430.0,0
836,20.39,0.0,434.0,0
837,20.39,0.0,434.25,0
838,20.39,0.0,432.4,0
839,20.39,0.0,434.3333333,0
840,20.39,0.0,436.4,0
841,20.39,0.0,435.75,0
842,20.39,0.0,435.2,0
843,20.39,0.0,436.75,0
844,20.39,0.0,438.25,0
845,20.39,0.0,438.75,0
846,20.39,0.0,437.5,0
847,20.39,0.0,439.3333333,0
848,20.39,0.0,437.5,0
849,20.39,0.0,433.6,0
850,20.39,0.0,431.3333333,0
851,20.39,0.0,434.8,0
852,20.39,0.0,433.3333333,0
853,20.39,0.0,433.8,0
854,20.39,0.0,436.5,0
855,20.39,0.0,434.0,0
856,20.39,0.0,433.75,0
857,20.39,0.0,435.5,0
858,20.39,0.0,434.3333333,0
859,20.39,0.0,431.75,0
860,20.39,0.0,431.5,0
861,20.39,0.0,432.5,0
862,20.39,0.0,435.4,0
863,20.39,0.0,436.6666667,0
864,20.39,0.0,432.6,0
865,20.39,0.0,433.0,0
866,20.39,0.0,431.5,0
867,20.39,0.0,431.8,0
868,20.39,0.0,439.6666667,0
869,20.39,0.0,436.6666667,0
870,20.39,0.0,439.0,0
871,20.39,0.0,436.25,0
872,20.39,0.0,435.8,0
873,20.39,0.0,438.3333333,0
874,20.39,0.0,436.0,0
875,20.39,0.0,433.6666667,0
876,20.39,0.0,432.25,0
877,20.39,0.0,433.5,0
878,20.39,0.0,436.25,0
879,20.39,0.0,435.0,0
880,20.39,0.0,433.75,0
881,20.39,0.0,440.6666667,0
882,20.39,0.0,441.2,0
883,20.39,0.0,435.25,0
884,20.39,0.0,437.25,0
885,20.39,0.0,435.5,0
886,20.39,0.0,439.75,0
887,20.39,0.0,438.0,0
888,20.39,0.0,435.25,0
889,20.39,0.0,434.2,0
890,20.39,0.0,435.0,0
891,20.365,0.0,436.5,0
892,20.39,0.0,434.0,0
893,20.39,0.0,435.25,0
894,20.39,0.0,432.75,0
895,20.39,0.0,432.0,0
896,20.39,0.0,432.0,0
897,20.39,0.0,431.5,0
898,20.39,0.0,435.0,0
899,20.39,0.0,437.6666667,0
900,20.39,0.0,437.3333333,0
901,20.365,0.0,438.0,0
902,20.365,0.0,434.25,0
903,20.34,0.0,435.75,0
904,20.315,0.0,433.25,0
905,20.315,0.0,434.75,0
906,20.35666667,0.0,439.0,0
907,20.34,0.0,439.25,0
908,20.365,0.0,438.5,0
909,20.29,0.0,437.6,0
910,20.29,0.0,434.5,0
911,20.29,0.0,435.5,0
912,20.32333333,0.0,436.0,0
913,20.29,0.0,435.2,0
914,20.32333333,0.0,433.6666667,0
915,20.29,0.0,434.25,0
916,20.29,0.0,440.5,0
917,20.29,0.0,440.6666667,0
918,20.29,0.0,438.0,0
919,20.29,0.0,433.8,0
920,20.29,0.0,435.0,0
921,20.29,0.0,434.75,0
922,20.29,0.0,437.3333333,0
923,20.29,0.0,439.5,0
924,20.29,0.0,432.75,0
925,20.29,0.0,435.0,0
926,20.29,0.0,436.5,0
927,20.29,0.0,434.6666667,0
928,20.29,0.0,436.0,0
929,20.29,0.0,441.5,0
930,20.29,0.0,436.0,0
931,20.29,0.0,435.75,0
932,20.29,0.0,431.0,0
933,20.29,0.0,434.0,0
934,20.29,0.0,436.0,0
935,20.29,0.0,436.5,0
936,20.29,0.0,436.5,0
937,20.29,0.0,436.25,0
938,20.29,0.0,437.6666667,0
939,20.29,0.0,432.25,0
940,20.29,0.0,429.3333333,0
941,20.29,0.0,432.25,0
942,20.272,0.0,437.0,0
943,20.26,0.0,433.3333333,0
944,20.29,0.0,427.6,0
945,20.29,0.0,436.0,0
946,20.29,0.0,436.3333333,0
947,20.29,0.0,435.25,0
948,20.29,0.0,436.25,0
949,20.29,0.0,434.25,0
950,20.29,0.0,436.0,0
951,20.2675,0.0,434.5,0
952,20.26,0.0,435.6666667,0
953,20.29,0.0,433.0,0
954,20.29,0.0,428.25,0
955,20.29,0.0,434.2,0
956,20.2675,0.0,437.0,0
957,20.2675,0.0,433.6666667,0
958,20.29,0.0,434.0,0
959,20.29,0.0,439.6,0
960,20.29,0.0,435.6666667,0
961,20.29,0.0,431.0,0
962,20.29,0.0,433.3333333,0
963,20.29,0.0,434.5,0
964,20.29,0.0,435.0,0
965,20.29,0.0,437.75,0
966,20.29,0.0,438.3333333,0
967,20.29,0.0,438.0,0
968,20.29,0.0,431.75,0
969,20.29,0.0,432.75,0
970,20.29,0.0,431.25,0
971,20.29,0.0,437.25,0
972,20.32333333,0.0,434.3333333,0
973,20.365,0.0,429.5,0
974,20.39,0.0,430.0,0
975,20.39,0.0,434.0,0
976,20.39,0.0,437.75,0
977,20.39,0.0,434.6666667,0
978,20.39,0.0,431.75,0
979,20.39,0.0,437.5,0
980,20.39,0.0,433.8,0
981,20.39,0.0,435.8,0
982,20.39,0.0,437.6666667,0
983,20.39,0.0,434.25,0
984,20.39,0.0,433.0,0
985,20.39,0.0,436.25,0
986,20.37,0.0,436.8,0
987,20.32333333,0.0,438.0,0
988,20.29,0.0,438.75,0
989,20.29,0.0,439.5,0
990,20.29,0.0,441.25,0
991,20.29,0.0,432.0,0
992,20.29,0.0,431.6666667,0
993,20.29,0.0,435.0,0
994,20.29,0.0,435.75,0
995,20.26,0.0,436.3333333,0
996,20.29,0.0,436.0,0
997,20.2675,0.0,439.25,0
998,20.245,0.0,435.0,0
999,20.236,0.0,431.4,0
1000,20.29,0.0,435.3333333,0
1001,20.2,0.0,439.6666667,0
1002,20.218,0.0,431.4,0
1003,20.245,0.0,431.0,0
1004,20.2,0.0,431.75,0
1005,20.245,0.0,437.75,0
1006,20.2675,0.0,436.75,0
1007,20.2,0.0,432.0,0
1008,20.2225,0.0,433.25,0
1009,20.2,0.0,434.5,0
1010,20.2,0.0,436.5,0
1011,20.2225,0.0,438.25,0
1012,20.2,0.0,439.0,0
1013,20.2,0.0,441.2,0
1014,20.2225,0.0,435.25,0
1015,20.2,0.0,433.75,0
1016,20.2,0.0,439.25,0
1017,20.2,0.0,442.0,0
1018,20.2,0.0,445.3333333,0
1019,20.2,0.0,440.6,0
1020,20.2,0.0,440.6666667,0
1021,20.236,0.0,440.2,0
1022,20.29,0.0,439.5,0
1023,20.29,0.0,441.6666667,0
1024,20.29,0.0,440.5,0
1025,20.29,0.0,437.0,0
1026,20.29,0.0,439.0,0
1027,20.29,0.0,438.5,0
1028,20.29,0.0,438.5,0
1029,20.315,0.0,440.25,0
1030,20.35666667,0.0,445.0,0
1031,20.34,0.0,442.75,0
1032,20.34,0.0,439.75,0
1033,20.315,0.0,434.5,0
1034,20.315,0.0,437.5,0
1035,20.29,0.0,440.0,0
1036,20.29,0.0,438.0,0
1037,20.29,217.2,441.6,1
1038,20.29,413.6666667,442.6666667,1
1039,20.29,433.0,445.6,1
1040,20.29,419.0,453.0,0
1041,20.315,419.0,459.25,0
1042,20.29,419.0,470.4,0
1043,20.31,416.2,466.0,0
1044,20.31,415.0,470.8,1
1045,20.33,412.2,476.6,1
1046,20.39,412.2,473.0,1
1047,20.365,413.5,473.0,1
1048,20.39,403.5,479.75,1
1049,20.39,397.4,494.2,1
1050,20.39,399.5,498.75,1
1051,20.39,397.4,501.0,1
1052,20.39,398.3333333,507.0,1
1053,20.39,399.5,518.0,1
1054,20.445,403.0,520.0,1
1055,20.5,407.6666667,523.6666667,1
1056,20.5,412.2,525.2,1
1057,20.5,413.0,531.3333333,1
1058,20.5,414.0,538.0,1
1059,20.5,412.2,536.4,1
1060,20.5,413.0,538.3333333,1
1061,20.5,412.2,541.0,1
1062,20.52,407.4,549.6,1
1063,20.5,407.0,555.1666667,1
1064,20.5,405.0,561.5,1
1065,20.5,405.0,569.0,1
1066,20.56,405.0,568.2,1
1067,20.55,412.0,572.0,1
1068,20.55,416.6666667,573.1666667,1
1069,20.58,419.0,583.0,1
1070,20.6,419.0,585.0,1
1071,20.66666667,419.0,584.6666667,1
1072,20.7,419.0,584.8,1
1073,20.7,419.0,591.4,1
1074,20.7,419.0,594.3333333,1
1075,20.7,419.0,600.5,1
1076,20.736,419.0,601.4,1
1077,20.73,419.0,606.0,1
1078,20.7,419.0,608.75,1
1079,20.754,419.0,616.8,1
1080,20.79,419.0,624.2,1
1081,20.772,419.0,625.6,1
1082,20.7675,419.0,628.75,1
1083,20.754,419.0,635.2,1
1084,20.772,419.0,640.8,1
1085,20.79,421.8,642.4,1
1086,20.79,422.5,643.25,1
1087,20.79,427.4,643.6,1
1088,20.79,433.0,645.25,1
1089,20.775,433.0,652.6666667,1
1090,20.79,433.0,658.0,1
1091,20.79,433.0,665.5,1
1092,20.79,433.0,666.3333333,1
1093,20.79,433.0,666.5,1
1094,20.79,433.0,668.2,1
1095,20.79,433.0,668.0,1
1096,20.79,433.0,672.6666667,1
1097,20.79,433.0,672.75,1
1098,20.79,433.0,679.2,1
1099,20.815,433.0,683.5,1
1100,20.79,440.0,688.5,1
1101,20.84,434.5,686.0,1
1102,20.79,435.5,689.75,1
1103,20.89,443.4,700.0,1
1104,20.83,439.8,697.6,1
1105,20.87,439.8,695.8,1
1106,20.89,441.0,697.3333333,1
1107,20.89,442.5,701.25,1
1108,20.87333333,441.0,700.6666667,1
1109,20.87333333,441.0,694.8333333,1
1110,20.89,442.5,709.75,1
1111,20.89,435.0,715.0,1
1112,20.89,435.0,715.8333333,1
1113,20.89,429.0,713.8,1
1114,20.92666667,429.0,709.0,1
1115,20.89,429.0,716.2,1
1116,20.89,429.0,716.1666667,1
1117,20.89,432.75,725.0,1
1118,20.89,429.0,725.0,1
1119,20.89,435.0,727.6,1
1120,20.89,435.0,729.4,1
1121,20.89,441.0,730.8,1
1122,20.89,438.0,731.2,1
1123,20.9175,444.0,736.25,1
1124,20.978,441.0,741.0,1
1125,21.0,444.0,742.3333333,1
1126,21.0,444.0,742.4,1
1127,21.025,444.0,746.75,1
1128,21.075,444.0,745.0,1
1129,21.1,444.0,742.0,1
1130,21.1,444.0,740.8,1
1131,21.13333333,444.0,747.3333333,0
1132,21.16666667,444.0,745.5,0
1133,21.2,444.0,752.6666667,1
1134,21.175,446.6666667,751.5,1
1135,21.15,449.3333333,750.3333333,1
1136,21.18333333,454.6666667,754.3333333,1
1137,21.2,448.0,765.75,1
1138,21.2,454.75,782.0,1
1139,21.23,453.0,786.6666667,1
1140,21.254,451.6,792.0,1
1141,21.2,453.0,800.3333333,1
1142,21.2,454.75,804.3333333,1
1143,21.2,449.5,815.2,1
1144,21.2,460.0,829.75,1
1145,21.2,442.0,837.1666667,1
1146,21.2,439.0,849.0,1
1147,21.2,439.0,853.5,1
1148,21.218,439.0,863.4,1
1149,21.236,442.0,864.4,1
1150,21.23,449.0,871.8333333,1
1151,21.2225,454.0,872.25,1
1152,21.245,454.0,876.6666667,1
1153,21.26,454.0,890.3333333,1
1154,21.29,454.0,895.1666667,1
1155,21.29,454.0,901.0,1
1156,21.29,454.0,910.25,1
1157,21.315,454.0,918.5,1
1158,21.30666667,454.0,923.1666667,1
1159,21.31,454.0,926.75,1
1160,21.35666667,454.0,925.5,1
1161,21.31,463.0,927.6,1
1162,21.29,457.75,935.0,1
1163,21.35,463.0,932.0,1
1164,21.34,464.0,935.75,1
1165,21.315,469.0,946.75,1
1166,21.39,461.0,952.0,1
1167,21.39,462.3333333,959.3333333,1
1168,21.39,461.0,967.0,1
1169,21.39,464.0,969.0,1
1170,21.4175,464.0,982.5,1
1171,21.42666667,462.3333333,983.0,1
1172,21.412,453.0,985.4,1
1173,21.456,453.0,996.2,1
1174,21.48166667,449.0,1004.5,1
1175,21.5,458.0,1004.4,1
1176,21.5,460.25,1009.25,1
1177,21.54,461.0,1019.0,1
1178,21.55,464.0,1034.25,1
1179,21.6,464.0,1035.333333,1
1180,21.6,464.0,1031.0,1
1181,21.6,467.75,1028.25,1
1182,21.6,473.0,1030.0,1
1183,21.6,479.0,1032.25,1
1184,21.6,479.0,1033.5,1
1185,21.6,479.0,1045.0,1
1186,21.6,474.0,1040.25,1
1187,21.6,472.3333333,1044.0,1
1188,21.625,477.75,1041.25,1
1189,21.64,476.0,1045.8,1
1190,21.66,479.0,1054.2,1
1191,21.68333333,474.0,1054.8,1
1192,21.65,474.0,1069.8,1
1193,21.7,474.0,1073.666667,1
1194,21.7,474.0,1073.4,1
1195,21.7,474.0,1076.75,1
1196,21.7,474.0,1086.75,1
1197,21.7,484.0,1086.666667,1
1198,21.7,479.0,1078.833333,1
1199,21.7,483.0,1077.6,1
1200,21.7,489.0,1080.5,1
1201,21.7,489.0,1088.75,1
1202,21.7,489.0,1083.666667,1
1203,21.7,482.0,1076.166667,1
1204,21.7,480.6,1079.4,1
1205,21.7,495.25,1088.0,1
1206,21.7,484.8333333,1092.5,1
1207,21.7,484.0,1094.666667,1
1208,21.718,484.0,1091.4,1
1209,21.7,484.0,1101.666667,1
1210,21.79,484.0,1111.0,1
1211,21.718,484.0,1119.4,1
1212,21.76,484.0,1122.5,1
1213,21.7675,495.25,1127.5,1
1214,21.73,499.0,1131.0,1
1215,21.775,499.0,1127.833333,1
1216,21.77714286,499.0,1128.857143,1
1217,21.79,499.0,1123.5,1
1218,21.79,490.6,1127.8,1
1219,21.79,502.0,1148.666667,1
1220,21.84,493.0,1151.5,1
1221,21.82333333,493.0,1142.333333,1
1222,21.87,493.0,1142.0,1
1223,21.89,495.6666667,1146.0,1
1224,21.89,499.4,1142.2,1
1225,21.89,509.0,1159.8,1
1226,21.89,500.6,1168.0,1
1227,21.89,506.4285714,1181.142857,1
1228,21.89,510.0,1180.0,1
1229,21.89,503.0,1183.714286,1
1230,21.89,503.0,1189.666667,1
1231,21.89,503.0,1190.0,1
1232,21.89,512.0,1178.8,1
1233,21.89,518.0,1173.0,1
1234,21.912,518.0,1170.6,1
1235,21.89,518.0,1178.6,1
1236,21.89,513.0,1193.5,1
1237,21.89,513.0,1201.5,1
1238,21.89,511.3333333,1189.666667,1
1239,21.89,518.2,1190.4,1
1240,21.90833333,513.0,1172.666667,1
1241,21.945,513.0,1177.75,1
1242,21.934,519.0,1184.8,1
1243,22.0,528.0,1188.25,1
1244,21.98166667,528.0,1189.5,1
1245,21.945,528.0,1191.5,1
1246,21.978,532.8,1193.0,1
1247,22.0,534.25,1190.0,1
1248,22.0,528.0,1198.5,1
1249,22.0,523.0,1198.0,1
1250,22.0,526.0,1194.2,1
1251,22.0,534.25,1185.0,1
1252,22.0,538.0,1194.0,1
1253,22.025,538.0,1193.125,1
1254,22.06,538.0,1190.4,1
1255,22.05,532.25,1192.25,1
1256,22.1,547.5,1200.5,1
1257,22.08,544.2,1198.6,1
1258,22.1,536.3333333,1197.0,1
1259,22.1,535.0,1197.5,1
1260,22.06,534.2,1203.0,1
1261,22.1,533.6666667,1206.5,1
1262,22.08333333,533.6666667,1207.166667,1
1263,22.1,535.0,1213.0,1
1264,22.1,547.0,1211.5,1
1265,22.1,553.4,1208.2,1
1266,22.1,550.5,1209.25,1
1267,22.1,543.6666667,1201.666667,1
1268,22.15,550.75,1189.75,1
1269,22.1,555.0,1191.0,1
1270,22.11666667,555.0,1192.166667,1
1271,22.16666667,557.6666667,1184.333333,1
1272,22.18,555.0,1176.4,1
1273,22.13333333,557.6666667,1175.666667,1
1274,22.16,556.4,1173.8,1
1275,22.2,555.0,1170.75,1
1276,22.175,555.0,1170.25,1
1277,22.18333333,555.0,1168.0,1
1278,22.2,555.0,1160.833333,1
1279,22.2,546.5,1161.0,1
1280,22.2,538.0,1166.0,1
1281,22.2,543.0,1164.4,1
1282,22.2,550.5,1157.75,1
1283,22.2,543.0,1148.6,1
1284,22.2,547.0,1153.75,1
1285,22.2,544.2,1152.4,1
1286,22.175,543.0,1147.25,1
1287,22.2,544.25,1147.5,1
1288,22.2,548.0,1144.0,1
1289,22.2,535.7142857,1137.857143,0
1290,22.2,543.0,1133.0,1
1291,22.2,538.0,1121.2,1
1292,22.2,549.3333333,1110.833333,1
1293,22.2,547.0,1093.25,1
1294,22.2,538.6,1093.2,1
1295,22.2,549.3333333,1102.5,1
1296,22.2,548.6,1104.4,1
1297,22.2,543.0,1101.75,1
1298,22.2,548.5,1098.75,1
1299,22.2,555.0,1092.4,1
1300,22.2,555.0,1094.0,1
1301,22.254,556.4,1092.4,1
1302,22.2225,556.6666667,1081.666667,1
1303,22.245,562.0,1077.0,1
1304,22.254,555.6,1074.4,1
1305,22.29,558.0,1072.25,1
1306,22.29,563.4,1070.4,1
1307,22.272,570.0,1071.0,1
1308,22.29,565.8333333,1078.166667,1
1309,22.29,553.0,1071.75,1
1310,22.29,561.8333333,1066.833333,1
1311,22.29,562.4,1068.4,1
1312,22.29,560.6,1064.2,1
1313,22.29,559.6666667,1060.333333,1
1314,22.30666667,569.8333333,1061.5,1
1315,22.33,581.0,1057.0,1
1316,22.35,593.0,1057.8,1
1317,22.39,601.0,1065.0,1
1318,22.39,600.4,1064.2,1
1319,22.39,616.0,1061.8,1
1320,22.39,603.6,1064.0,0
1321,22.39,587.5,1065.25,0
1322,22.39,575.0,1050.5,0
1323,22.39,579.2,1045.2,1
1324,22.434,584.8,1049.6,1
1325,22.42666667,609.6666667,1041.333333,1
1326,22.42666667,625.6666667,1038.0,1
1327,22.42666667,629.6666667,1035.166667,1
1328,22.5,617.0,1040.0,1
1329,22.5,624.8,1036.25,1
1330,22.5,641.3333333,1033.25,1
1331,22.5,659.4,1037.0,1
1332,22.58,644.6,1031.2,1
1333,22.575,653.0,1033.0,1
1334,22.6,659.0,1032.25,1
1335,22.6,660.0,1030.166667,1
1336,22.6,668.5,1033.0,1
1337,22.66666667,652.5,1030.333333,1
1338,22.675,652.75,1028.5,1
1339,22.7,654.2,1020.4,1
1340,22.7,656.1666667,1023.666667,1
1341,22.7225,650.75,1021.25,1
1342,22.745,663.75,1014.75,1
1343,22.745,651.0,1017.0,1
1344,22.79,648.3333333,1014.166667,1
1345,22.79,651.0,1022.5,1
1346,22.79,651.0,1027.25,1
1347,22.84,651.0,1022.0,1
1348,22.87,657.8,1019.0,1
1349,22.89,668.0,1020.75,1
1350,22.89,668.0,1015.5,1
1351,22.90833333,663.6666667,1016.0,1
1352,22.956,664.6,1011.0,1
1353,22.96333333,668.0,1018.666667,1
1354,23.0,662.3333333,1006.333333,1
1355,22.956,647.8,1008.2,1
1356,23.0,651.6666667,1009.333333,1
1357,23.0,651.6666667,1006.166667,1
1358,23.02,650.0,1004.4,1
1359,23.025,653.75,999.75,1
1360,23.05,660.0,994.1666667,1
1361,23.1,656.0,992.5,1
1362,23.1,660.0,995.6666667,1
1363,23.1,655.0,994.0,1
1364,23.14,660.0,990.2,1
1365,23.18,655.0,993.4,1
1366,23.2,650.0,998.5,1
1367,23.2,651.6666667,997.25,1
1368,23.2,653.1666667,992.5,1
1369,23.2225,653.75,996.5,1
1370,23.2225,659.75,993.75,1
1371,23.26,338.3333333,997.3333333,0
1372,23.29,197.1666667,996.5,0
1373,23.272,184.0,998.6,0
1374,23.29,173.2,993.4,0
1375,23.2675,193.0,994.25,0
1376,23.29,193.0,990.1666667,0
1377,23.245,178.0,984.0,0
1378,23.254,184.0,983.6,0
1379,23.26,186.0,983.3333333,0
1380,23.272,178.0,974.6,0
1381,23.245,178.0,961.0,0
1382,23.29,173.5,954.25,0
1383,23.245,174.5,951.5,0
1384,23.215,169.6666667,952.5,0
1385,23.215,168.5,946.3333333,0
1386,23.2,171.0,942.0,0
1387,23.2,176.0,933.2,0
1388,23.2,176.0,928.8,0
1389,23.2,177.25,924.0,0
1390,23.2,171.0,918.0,0
1391,23.2,171.0,912.75,0
1392,23.2,171.0,907.0,0
1393,23.18571429,268.7142857,899.2857143,0
1394,23.2,538.75,917.25,1
1395,23.2,627.6,919.8,0
1396,23.2,638.0,938.25,0
1397,23.2,634.0,922.1666667,0
1398,23.2,629.0,899.0,0
1399,23.2,557.6666667,895.3333333,0
1400,23.2,547.0,899.75,1
1401,23.2,543.0,894.4,1
1402,23.18333333,561.8333333,880.3333333,1
1403,23.15,597.75,879.75,1
1404,23.2,561.5,870.5,1
1405,23.2,598.4,866.2,1
1406,23.18,609.6,866.4,1
1407,23.2,587.0,869.75,1
1408,23.2,596.8,874.2,1
1409,23.175,595.0,877.5,1
1410,23.18333333,608.3333333,879.0,1
1411,23.2,611.6,875.5,1
1412,23.2,610.2,881.3333333,1
1413,23.218,616.6,882.4,1
1414,23.23,608.3333333,883.0,1
1415,23.254,609.0,884.5,1
1416,23.2675,599.0,888.25,1
1417,23.272,594.8,889.4,1
1418,23.29,585.75,895.0,1
1419,23.29,584.8,894.4,1
1420,23.29,592.75,898.25,1
1421,23.29,586.5,898.0,1
1422,23.29,585.0,898.8,1
1423,23.29,576.75,901.0,1
1424,23.29,566.0,900.1428571,1
1425,23.29,560.0,898.25,1
1426,23.29,566.0,895.6,1
1427,23.29,569.3333333,892.3333333,1
1428,23.29,561.0,911.1666667,1
1429,23.29,561.0,912.0,1
1430,23.29,561.0,913.0,1
1431,23.29,558.3,921.4,1
1432,23.29,555.6,929.8,1
1433,23.29,558.8,951.8,1
1434,23.29,546.0,956.75,1
1435,23.29,546.0,968.0,1
1436,23.29,542.8,966.0,1
1437,23.29,544.8,971.8,1
1438,23.29,541.4,983.0,1
1439,23.33,538.0,993.6,1
1440,23.29,538.4,999.6,1
1441,23.35,538.4,1005.4,1
1442,23.315,534.5,1013.75,1
1443,23.29,538.8,1019.8,1
1444,23.29,531.0,1023.0,1
1445,23.29,526.8333333,1027.5,1
1446,23.29,526.75,1038.5,1
1447,23.29,519.6666667,1049.0,1
1448,23.29,505.8,1051.8,1
1449,23.31857143,493.0,1056.0,1
1450,23.29,503.5,1054.5,1
1451,23.29,496.2,1066.6,1
1452,23.29,513.0,1074.0,1
1453,23.29,520.5,1068.25,1
1454,23.33,528.0,1075.6,1
1455,23.29,516.75,1085.25,1
1456,23.29,513.0,1096.333333,1
1457,23.30428571,503.7142857,1099.142857,1
1458,23.32333333,503.0,1108.833333,1
1459,23.29,498.0,1117.0,1
1460,23.29,481.6,1116.0,1
1461,23.29,484.0,1120.2,1
1462,23.29,483.4,1120.6,1
1463,23.29,485.0,1129.333333,1
1464,23.29,478.0,1132.25,1
1465,23.29,478.75,1132.5,1
1466,23.29,474.0,1142.833333,1
1467,23.29,473.0,1152.0,1
1468,23.29,474.0,1156.75,1
1469,23.29,479.0,1159.333333,1
1470,23.254,476.0,1160.8,1
1471,23.245,467.75,1160.0,1
1472,23.236,464.0,1167.0,1
1473,23.2,464.0,1171.0,1
1474,23.2225,464.0,1175.5,1
1475,23.2,453.0,1181.0,1
1476,23.2,464.0,1192.0,1
1477,23.2,464.0,1197.75,1
1478,23.2,461.0,1198.2,1
1479,23.2,464.0,1196.5,1
1480,23.2,464.0,1203.25,1
1481,23.14,469.0,1209.0,1
1482,23.125,469.0,1212.25,1
1483,23.1,463.0,1219.6,1
1484,23.1,465.25,1218.75,1
1485,23.1,466.0,1221.6,1
1486,23.1,469.0,1219.8,1
1487,23.1,466.5,1224.666667,1
1488,23.1,469.0,1233.75,1
1489,23.1,469.0,1235.75,1
1490,23.1,469.0,1239.5,1
1491,23.08571429,465.6666667,1245.0,1
1492,23.06666667,464.0,1247.25,1
1493,23.025,469.0,1246.0,1
1494,23.01666667,462.3333333,1245.166667,1
1495,23.0,465.0,1254.6,1
1496,23.0,461.0,1261.2,1
1497,23.0,464.0,1261.0,1
1498,23.0,462.3333333,1263.666667,1
1499,23.0,461.0,1270.2,1
1500,23.0,464.0,1273.25,1
1501,23.0,461.0,1280.2,1
1502,23.0,469.0,1284.5,1
1503,23.0,462.3333333,1285.166667,1
1504,23.0,462.3333333,1290.666667,1
1505,22.96857143,460.4285714,1294.571429,1
1506,22.9175,464.0,1294.0,1
1507,22.912,461.0,1301.0,1
1508,22.90833333,462.3333333,1313.166667,1
1509,22.89,464.0,1312.75,1
1510,22.945,469.0,1311.5,1
1511,22.92666667,469.0,1317.6,1
1512,22.96333333,469.0,1327.5,1
1513,22.93714286,469.0,1330.285714,1
1514,22.934,466.0,1330.0,1
1515,22.9175,465.25,1328.75,1
1516,22.93714286,456.1428571,1330.0,1
1517,22.956,454.0,1321.8,1
1518,22.89,454.0,1321.5,1
1519,22.934,454.0,1331.6,1
1520,22.90833333,454.0,1336.833333,1
1521,22.89,454.0,1340.0,1
1522,22.945,454.0,1350.75,1
1523,22.89,454.0,1356.0,1
1524,22.89,454.0,1351.75,1
1525,22.89,454.0,1360.166667,1
1526,22.89,454.0,1364.2,1
1527,22.89,454.0,1363.2,1
1528,22.89,454.0,1363.166667,1
1529,22.89,454.0,1367.0,1
1530,22.89,454.0,1368.5,1
1531,22.912,454.0,1365.8,1
1532,22.89,454.0,1361.6,1
1533,22.89,465.25,1372.0,1
1534,22.89,465.25,1385.25,1
1535,22.89,469.0,1386.4,1
1536,22.89,469.0,1393.166667,1
1537,22.89,469.0,1393.0,1
1538,22.89,460.0,1389.0,1
1539,22.89,454.0,1385.2,1
1540,22.89,454.0,1377.333333,1
1541,22.89,454.0,1383.833333,1
1542,22.89,442.0,1388.6,1
1543,22.89,449.5,1377.5,1
1544,22.89,451.6,1374.0,1
1545,22.89,451.6,1377.6,1
1546,22.89,456.8,1373.0,1
1547,22.865,444.0,1372.25,1
1548,22.89,444.0,1376.0,1
1549,22.84,444.0,1361.75,1
1550,22.79,444.0,1356.6,1
1551,22.79,444.0,1363.0,1
1552,22.79,444.0,1363.8,1
1553,22.79,444.0,1363.5,1
1554,22.79,444.0,1369.333333,1
1555,22.79,444.0,1366.25,1
1556,22.79,444.0,1372.571429,1
1557,22.79,444.0,1361.666667,1
1558,22.79,444.0,1367.25,1
1559,22.79,444.0,1359.0,1
1560,22.79,444.0,1363.8,1
1561,22.79,444.0,1353.75,1
1562,22.79,444.0,1356.333333,1
1563,22.79,444.0,1363.8,1
1564,22.772,444.0,1364.0,1
1565,22.79,444.0,1373.333333,1
1566,22.7675,440.25,1374.25,1
1567,22.79,444.0,1369.0,1
1568,22.79,444.75,1360.75,1
1569,22.79,441.2857143,1359.5,1
1570,22.745,447.0,1366.333333,1
1571,22.772,439.8,1377.0,1
1572,22.79,441.0,1379.5,1
1573,22.745,442.5,1379.25,1
1574,22.7225,442.5,1381.5,1
1575,22.745,438.0,1381.0,1
1576,22.73,441.0,1374.0,1
1577,22.73,441.0,1372.5,1
1578,22.7,442.5,1369.75,1
1579,22.7,443.4,1368.6,1
1580,22.715,441.0,1368.333333,1
1581,22.7,441.0,1365.333333,1
1582,22.715,441.0,1370.5,1
1583,22.715,441.0,1366.333333,1
1584,22.7,442.5,1373.5,1
1585,22.745,438.0,1378.5,1
1586,22.7,441.0,1377.166667,1
1587,22.7,447.0,1401.166667,1
1588,22.7,442.5,1395.333333,1
1589,22.7,447.0,1401.0,1
1590,22.7,444.0,1400.5,1
1591,22.7,447.0,1394.0,1
1592,22.7,447.0,1394.6,1
1593,22.7,447.0,1389.666667,1
1594,22.7,447.0,1377.2,1
1595,22.7,447.0,1387.0,1
1596,22.7,439.0,1393.428571,1
1597,22.7,447.0,1393.75,1
1598,22.7,441.4,1392.6,1
1599,22.7,438.6,1394.2,1
1600,22.7,440.0,1396.25,1
1601,22.7,443.5,1390.5,1
1602,22.7225,436.5,1397.5,1
1603,22.7,433.0,1398.25,1
1604,22.7,433.0,1402.25,1
1605,22.7,433.0,1398.0,1
1606,22.7,433.0,1384.25,1
1607,22.7,433.0,1387.333333,1
1608,22.7,433.0,1392.5,1
1609,22.7,433.0,1384.8,1
1610,22.7225,433.0,1388.0,1
1611,22.7,433.0,1384.6,1
1612,22.7,433.0,1373.333333,1
1613,22.7,433.0,1368.8,1
1614,22.7,433.0,1364.0,1
1615,22.7,433.0,1357.5,1
1616,22.7,433.0,1352.0,1
1617,22.7,433.0,1357.0,1
1618,22.7,433.0,1361.75,1
1619,22.7,433.0,1356.0,1
1620,22.7,433.0,1344.25,1
1621,22.7,433.0,1357.75,1
1622,22.7,433.0,1355.75,1
1623,22.7,433.0,1354.666667,1
1624,22.7,433.0,1343.333333,1
1625,22.7,433.0,1334.166667,1
1626,22.7225,433.0,1340.25,1
1627,22.736,433.0,1336.8,1
1628,22.7675,433.0,1335.75,1
1629,22.73,433.0,1342.333333,1
1630,22.718,433.0,1348.8,1
1631,22.7,433.0,1353.25,1
1632,22.7,433.0,1339.0,1
1633,22.7,433.0,1338.25,1
1634,22.7,433.0,1347.6,1
1635,22.7,433.0,1338.75,1
1636,22.7,433.0,1318.0,1
1637,22.7,433.0,1311.166667,1
1638,22.66,433.0,1306.5,1
1639,22.68,433.0,1316.666667,1
1640,22.7,433.0,1306.333333,1
1641,22.7,429.5,1300.5,1
1642,22.675,433.0,1298.666667,1
1643,22.675,424.6,1298.2,1
1644,22.7,426.0,1292.5,1
1645,22.675,426.0,1288.5,1
1646,22.7,433.0,1299.666667,1
1647,22.65,423.6666667,1285.333333,1
1648,22.7,426.0,1286.0,1
1649,22.6,419.0,1284.333333,1
1650,22.6,422.5,1275.25,1
1651,22.6,419.0,1273.8,1
1652,22.6,419.0,1271.8,1
1653,22.6,419.0,1273.333333,1
1654,22.6,419.0,1261.75,1
1655,22.6,419.0,1258.5,1
1656,22.6,419.0,1251.5,1
1657,22.6,419.0,1241.333333,1
1658,22.6,419.0,1238.75,1
1659,22.6,419.0,1246.8,1
1660,22.6,419.0,1240.75,1
1661,22.6,419.0,1240.25,1
1662,22.6,426.0,1239.0,1
1663,22.6,422.5,1235.25,1
1664,22.6,424.6,1229.8,1
1665,22.6,419.0,1220.6,1
1666,22.6,419.0,1214.166667,1
1667,22.6,419.0,1214.0,1
1668,22.6,419.0,1217.8,1
1669,22.6,419.0,1211.8,1
1670,22.6,419.0,1217.2,1
1671,22.6,415.5,1211.5,1
1672,22.6,419.0,1207.333333,1
1673,22.6,419.0,1204.75,1
1674,22.6,0.0,1205.25,0
1675,22.575,0.0,1204.75,0
1676,22.5,0.0,1196.666667,0
1677,22.5,0.0,1191.5,0
1678,22.5,0.0,1184.0,0
1679,22.445,0.0,1189.25,0
1680,22.39,0.0,1186.5,0
1681,22.39,0.0,1180.75,0
1682,22.39,0.0,1172.5,0
1683,22.365,0.0,1164.0,0
1684,22.35666667,0.0,1160.666667,0
1685,22.29,0.0,1143.25,0
1686,22.2675,0.0,1139.5,0
1687,22.245,0.0,1138.25,0
1688,22.2,0.0,1135.5,0
1689,22.2,0.0,1124.75,0
1690,22.2,0.0,1119.333333,0
1691,22.125,0.0,1110.25,0
1692,22.1,0.0,1105.5,0
1693,22.1,0.0,1096.75,0
1694,22.1,0.0,1092.25,0
1695,22.1,0.0,1092.5,0
1696,22.025,0.0,1085.75,0
1697,22.0,0.0,1074.333333,0
1698,22.0,0.0,1066.0,0
1699,22.0,0.0,1058.5,0
1700,21.9175,0.0,1050.75,0
1701,21.89,0.0,1044.0,0
1702,21.96333333,0.0,1039.0,0
1703,21.89,0.0,1030.5,0
1704,21.89,0.0,1030.8,0
1705,21.89,0.0,1032.333333,0
1706,21.89,0.0,1021.2,0
1707,21.89,0.0,1018.666667,0
1708,21.89,0.0,1008.75,0
1709,21.79,0.0,1003.25,0
1710,21.81,0.0,989.8,0
1711,21.815,0.0,992.0,0
1712,21.79,0.0,985.75,0
1713,21.79,0.0,989.0,0
1714,21.7225,0.0,983.0,0
1715,21.7,0.0,976.75,0
1716,21.7,0.0,970.3333333,0
1717,21.7,0.0,961.75,0
1718,21.7,0.0,958.75,0
1719,21.7,0.0,954.6666667,0
1720,21.7,0.0,950.5,0
1721,21.7,0.0,942.75,0
1722,21.675,0.0,938.25,0
1723,21.675,0.0,941.0,0
1724,21.63333333,0.0,944.3333333,0
1725,21.6,0.0,938.0,0
1726,21.6,0.0,934.5,0
1727,21.6,0.0,936.6666667,0
1728,21.6,0.0,926.0,0
1729,21.6,0.0,920.75,0
1730,21.6,0.0,920.2,0
1731,21.6,0.0,911.3333333,0
1732,21.6,0.0,905.3333333,0
1733,21.6,0.0,904.2,0
1734,21.6,0.0,899.6666667,0
1735,21.6,0.0,898.2,0
1736,21.6,0.0,898.25,0
1737,21.6,0.0,895.0,0
1738,21.6,0.0,891.6666667,0
1739,21.58,0.0,887.4,0
1740,21.6,0.0,885.3333333,0
1741,21.56,0.0,876.4,0
1742,21.53333333,0.0,871.3333333,0
1743,21.5,0.0,863.5,0
1744,21.5,0.0,865.25,0
1745,21.5,0.0,859.6666667,0
1746,21.5,0.0,858.6666667,0
1747,21.5,0.0,852.25,0
1748,21.5,0.0,849.25,0
1749,21.5,0.0,849.0,0
1750,21.5,0.0,845.0,0
1751,21.5,0.0,844.5,0
1752,21.5,0.0,843.75,0
1753,21.5,0.0,842.0,0
1754,21.5,0.0,833.2,0
1755,21.5,0.0,832.6666667,0
1756,21.4175,0.0,825.25,0
1757,21.39,0.0,820.3333333,0
1758,21.4175,0.0,824.5,0
1759,21.39,0.0,819.25,0
1760,21.39,0.0,820.2,0
1761,21.39,0.0,817.6666667,0
1762,21.365,0.0,808.0,0
1763,21.39,0.0,806.6666667,0
1764,21.39,0.0,804.6666667,0
1765,21.29,0.0,803.8,0
1766,21.29,0.0,806.0,0
1767,21.29,0.0,801.5,0
1768,21.34,0.0,802.0,0
1769,21.29,0.0,803.6666667,0
1770,21.29,0.0,800.0,0
1771,21.29,0.0,795.0,0
1772,21.29,0.0,785.0,0
1773,21.29,0.0,781.0,0
1774,21.29,0.0,782.0,0
1775,21.29,0.0,778.0,0
1776,21.29,0.0,772.5,0
1777,21.245,0.0,770.75,0
1778,21.218,0.0,769.0,0
1779,21.23,0.0,767.0,0
1780,21.2,0.0,764.0,0
1781,21.2,0.0,765.25,0
1782,21.2,0.0,765.0,0
1783,21.2,0.0,766.0,0
1784,21.2,0.0,758.5,0
1785,21.2,0.0,749.75,0
1786,21.2,0.0,749.0,0
1787,21.2,0.0,747.8,0
1788,21.2,0.0,744.0,0
1789,21.2,0.0,746.4,0
1790,21.2,0.0,750.5,0
1791,21.2,0.0,747.0,0
1792,21.2,0.0,750.0,0
1793,21.2,0.0,742.75,0
1794,21.2,0.0,737.75,0
1795,21.2,0.0,736.25,0
1796,21.2,0.0,738.25,0
1797,21.2,0.0,732.3333333,0
1798,21.2,0.0,725.4,0
1799,21.2,0.0,729.25,0
1800,21.2,0.0,727.0,0
1801,21.2,0.0,716.75,0
1802,21.2,0.0,715.6666667,0
1803,21.2,0.0,712.25,0
1804,21.2,0.0,719.0,0
1805,21.2,0.0,714.25,0
1806,21.2,0.0,711.4,0
1807,21.2,0.0,702.75,0
1808,21.2,0.0,701.0,0
1809,21.2,0.0,703.6666667,0
1810,21.2,0.0,707.25,0
1811,21.2,0.0,703.75,0
1812,21.2,0.0,699.5,0
1813,21.2,0.0,697.5,0
1814,21.2,0.0,696.6666667,0
1815,21.2,0.0,692.75,0
1816,21.2,0.0,692.6,0
1817,21.2,0.0,695.3333333,0
1818,21.2,0.0,690.5,0
1819,21.2,0.0,689.5,0
1820,21.2,0.0,692.3333333,0
1821,21.2,0.0,691.5,0
1822,21.2,0.0,687.6,0
1823,21.16666667,0.0,682.3333333,0
1824,21.2,0.0,677.6666667,0
1825,21.16,0.0,677.8,0
1826,21.2,0.0,684.3333333,0
1827,21.15,0.0,682.5,0
1828,21.175,0.0,675.0,0
1829,21.125,0.0,669.25,0
1830,21.2,0.0,668.5,0
1831,21.15,0.0,671.25,0
1832,21.1,0.0,674.3333333,0
1833,21.125,0.0,673.0,0
1834,21.125,0.0,671.5,0
1835,21.125,0.0,670.5,0
1836,21.1,0.0,669.75,0
1837,21.1,0.0,663.5,0
1838,21.1,0.0,665.0,0
1839,21.1,0.0,661.5,0
1840,21.1,0.0,657.75,0
1841,21.1,0.0,652.75,0
1842,21.1,0.0,653.25,0
1843,21.1,0.0,656.75,0
1844,21.1,0.0,651.0,0
1845,21.1,0.0,648.5,0
1846,21.1,0.0,652.25,0
1847,21.1,0.0,642.25,0
1848,21.1,0.0,643.75,0
1849,21.075,0.0,649.6666667,0
1850,21.1,0.0,649.5,0
1851,21.06,0.0,646.6,0
1852,21.06666667,0.0,643.0,0
1853,21.08,0.0,640.4,0
1854,21.075,0.0,640.75,0
1855,21.075,0.0,636.75,0
1856,21.05,0.0,634.75,0
1857,21.075,0.0,633.75,0
1858,21.0,0.0,632.0,0
1859,21.0,0.0,626.5,0
1860,21.03333333,0.0,628.6666667,0
1861,21.025,0.0,629.5,0
1862,21.05,0.0,630.5,0
1863,21.025,0.0,631.5,0
1864,21.025,0.0,629.5,0
1865,21.05,0.0,627.0,0
1866,21.0,0.0,624.5,0
1867,21.0,0.0,625.6666667,0
1868,21.0,0.0,624.5,0
1869,21.0,0.0,622.0,0
1870,21.0,0.0,622.75,0
1871,21.0,0.0,619.25,0
1872,21.0,0.0,616.0,0
1873,21.0,0.0,617.25,0
1874,21.0,0.0,616.4,0
1875,21.0,0.0,616.6666667,0
1876,21.0,0.0,614.75,0
1877,21.0,0.0,611.3333333,0
1878,21.0,0.0,613.6,0
1879,21.0,0.0,608.75,0
1880,21.0,0.0,611.0,0
1881,21.0,0.0,612.0,0
1882,21.0,0.0,608.8,0
1883,21.0,0.0,612.0,0
1884,21.0,0.0,604.5,0
1885,21.0,0.0,607.0,0
1886,21.0,0.0,614.75,0
1887,21.0,0.0,612.25,0
1888,21.0,0.0,607.5,0
1889,21.0,0.0,602.6666667,0
1890,21.0,0.0,605.25,0
1891,21.0,0.0,606.0,0
1892,21.0,0.0,602.25,0
1893,21.0,0.0,600.5,0
1894,21.0,0.0,600.5,0
1895,21.0,0.0,601.0,0
1896,21.0,0.0,600.4,0
1897,21.0,0.0,604.3333333,0
1898,21.0,0.0,606.0,0
1899,20.96333333,0.0,602.0,0
1900,21.0,0.0,596.0,0
1901,21.0,0.0,596.3333333,0
1902,21.0,0.0,594.0,0
1903,20.945,0.0,596.5,0
1904,20.96333333,0.0,596.0,0
1905,20.9725,0.0,597.5,0
1906,21.0,0.0,594.25,0
1907,21.0,0.0,591.5,0
1908,20.978,0.0,594.2,0
1909,20.96333333,0.0,588.6666667,0
1910,20.92666667,0.0,585.3333333,0
1911,20.945,0.0,585.0,0
1912,20.945,0.0,582.25,0
1913,20.89,0.0,580.75,0
1914,20.9175,0.0,585.0,0
1915,20.89,0.0,584.5,0
1916,20.96333333,0.0,583.3333333,0
1917,20.89,0.0,584.0,0
1918,20.912,0.0,581.8,0
1919,20.89,0.0,576.6666667,0
1920,20.89,0.0,579.3333333,0
1921,20.89,0.0,581.75,0
1922,20.89,0.0,582.75,0
1923,20.89,0.0,579.8,0
1924,20.9175,0.0,578.5,0
1925,20.89,0.0,578.5,0
1926,20.89,0.0,580.5,0
1927,20.89,0.0,577.8,0
1928,20.89,0.0,582.75,0
1929,20.89,0.0,584.4,0
1930,20.89,0.0,582.6666667,0
1931,20.865,0.0,578.25,0
1932,20.89,0.0,575.6666667,0
1933,20.89,0.0,577.25,0
1934,20.87,0.0,577.2,0
1935,20.89,0.0,572.75,0
1936,20.89,0.0,576.5,0
1937,20.89,0.0,579.3333333,0
1938,20.89,0.0,571.6,0
1939,20.89,0.0,573.0,0
1940,20.89,0.0,573.5,0
1941,20.89,0.0,572.75,0
1942,20.89,0.0,573.6,0
1943,20.89,0.0,571.5,0
1944,20.85666667,0.0,573.3333333,0
1945,20.89,0.0,570.75,0
1946,20.89,0.0,568.0,0
1947,20.89,0.0,573.0,0
1948,20.89,0.0,569.6666667,0
1949,20.89,0.0,575.2,0
1950,20.89,0.0,578.0,0
1951,20.89,0.0,572.75,0
1952,20.89,0.0,569.6,0
1953,20.85666667,0.0,566.3333333,0
1954,20.85666667,0.0,567.3333333,0
1955,20.865,0.0,570.25,0
1956,20.89,0.0,575.0,0
1957,20.89,0.0,570.2,0
1958,20.89,0.0,565.3333333,0
1959,20.89,0.0,569.25,0
1960,20.89,0.0,567.25,0
1961,20.89,0.0,567.5,0
1962,20.865,0.0,566.0,0
1963,20.89,0.0,565.75,0
1964,20.89,0.0,564.5,0
1965,20.89,0.0,562.6,0
1966,20.89,0.0,561.3333333,0
1967,20.89,0.0,561.0,0
1968,20.89,0.0,566.75,0
1969,20.9175,0.0,563.75,0
1970,20.89,0.0,566.75,0
1971,20.89,0.0,563.4,0
1972,20.89,0.0,564.25,0
1973,20.89,0.0,562.75,0
1974,20.9175,0.0,560.0,0
1975,20.89,0.0,558.75,0
1976,20.89,0.0,558.5,0
1977,20.89,0.0,558.3333333,0
1978,20.89,0.0,561.4,0
1979,20.89,0.0,558.25,0
1980,20.89,0.0,557.2,0
1981,20.89,0.0,559.6666667,0
1982,20.89,0.0,561.0,0
1983,20.89,0.0,563.4,0
1984,20.9175,0.0,559.75,0
1985,20.9175,0.0,559.0,0
1986,20.9175,0.0,561.0,0
1987,20.89,0.0,563.25,0
1988,20.89,0.0,560.75,0
1989,20.89,0.0,558.0,0
1990,20.89,0.0,556.8,0
1991,20.89,0.0,556.0,0
1992,20.89,0.0,558.0,0
1993,20.89,0.0,556.8,0
1994,20.89,0.0,557.0,0
1995,20.89,0.0,556.8,0
1996,20.89,0.0,548.5,0
1997,20.89,0.0,550.0,0
1998,20.89,0.0,554.0,0
1999,20.89,0.0,555.25,0
2000,20.89,0.0,555.5,0
2001,20.89,0.0,556.75,0
2002,20.89,0.0,558.0,0
2003,20.89,0.0,558.0,0
2004,20.89,0.0,558.25,0
2005,20.89,0.0,556.25,0
2006,20.89,0.0,554.5,0
2007,20.89,0.0,555.25,0
2008,20.89,0.0,558.0,0
2009,20.89,0.0,554.3333333,0
2010,20.89,0.0,549.75,0
2011,20.89,0.0,558.5,0
2012,20.865,0.0,558.25,0
2013,20.89,0.0,558.25,0
2014,20.89,0.0,547.25,0
2015,20.89,0.0,553.75,0
2016,20.89,0.0,547.75,0
2017,20.89,0.0,547.25,0
2018,20.89,0.0,551.5,0
2019,20.89,0.0,554.0,0
2020,20.89,0.0,550.0,0
2021,20.89,0.0,553.6666667,0
2022,20.89,0.0,552.4,0
2023,20.89,0.0,554.0,0
2024,20.83,0.0,547.0,0
2025,20.89,0.0,542.3333333,0
2026,20.84,0.0,544.75,0
2027,20.89,0.0,547.0,0
2028,20.865,0.0,552.75,0
2029,20.89,0.0,556.0,0
2030,20.87,0.0,551.6,0
2031,20.84,0.0,553.0,0
2032,20.89,0.0,551.25,0
2033,20.85666667,0.0,552.6666667,0
2034,20.865,0.0,553.75,0
2035,20.85666667,0.0,545.6666667,0
2036,20.865,0.0,547.75,0
2037,20.89,0.0,548.4,0
2038,20.89,0.0,549.3333333,0
2039,20.89,0.0,549.3333333,0
2040,20.865,0.0,545.5,0
2041,20.89,0.0,543.0,0
2042,20.89,0.0,545.6,0
2043,20.85,0.0,547.6,0
2044,20.89,0.0,548.6666667,0
2045,20.89,0.0,542.75,0
2046,20.87,0.0,537.2,0
2047,20.85666667,0.0,541.3333333,0
2048,20.865,0.0,545.25,0
2049,20.83,0.0,541.25,0
2050,20.82333333,0.0,535.5,0
2051,20.89,0.0,536.5,0
2052,20.87,0.0,543.8,0
2053,20.84,0.0,542.0,0
2054,20.84,0.0,537.25,0
2055,20.82333333,0.0,538.0,0
2056,20.82333333,0.0,542.0,0
2057,20.81,0.0,542.0,0
2058,20.79,0.0,545.3333333,0
2059,20.865,0.0,543.25,0
2060,20.85666667,0.0,539.0,0
2061,20.84,0.0,540.75,0
2062,20.79,0.0,538.0,0
2063,20.79,0.0,538.0,0
2064,20.79,0.0,538.6666667,0
2065,20.81,0.0,541.6,0
2066,20.79,0.0,537.5,0
2067,20.79,0.0,537.2,0
2068,20.79,0.0,541.0,0
2069,20.79,0.0,534.0,0
2070,20.79,0.0,532.0,0
2071,20.84,0.0,531.75,0
2072,20.79,0.0,532.8,0
2073,20.79,0.0,532.0,0
2074,20.82333333,0.0,533.6666667,0
2075,20.79,0.0,531.75,0
2076,20.79,0.0,534.4,0
2077,20.79,0.0,535.6666667,0
2078,20.79,0.0,529.75,0
2079,20.79,0.0,532.0,0
2080,20.79,0.0,531.3333333,0
2081,20.79,0.0,529.75,0
2082,20.79,0.0,528.75,0
2083,20.79,0.0,528.25,0
2084,20.79,0.0,526.0,0
2085,20.79,0.0,526.5,0
2086,20.79,0.0,529.3333333,0
2087,20.815,0.0,528.25,0
2088,20.81,0.0,526.8,0
2089,20.79,0.0,525.5,0
2090,20.79,0.0,524.6666667,0
2091,20.79,0.0,523.0,0
2092,20.79,0.0,526.0,0
2093,20.79,0.0,523.25,0
2094,20.79,0.0,524.3333333,0
2095,20.79,0.0,521.5,0
2096,20.79,0.0,518.6,0
2097,20.79,0.0,520.75,0
2098,20.79,0.0,527.6666667,0
2099,20.79,0.0,526.0,0
2100,20.79,0.0,519.6,0
2101,20.79,0.0,518.3333333,0
2102,20.79,0.0,520.5,0
2103,20.79,0.0,521.75,0
2104,20.79,0.0,523.0,0
2105,20.79,0.0,520.3333333,0
2106,20.79,0.0,519.0,0
2107,20.79,0.0,516.25,0
2108,20.79,0.0,518.6,0
2109,20.79,0.0,519.3333333,0
2110,20.76,0.0,515.3333333,0
2111,20.772,0.0,516.4,0
2112,20.745,0.0,519.5,0
2113,20.7675,0.0,522.25,0
2114,20.7675,0.0,514.75,0
2115,20.7675,0.0,513.75,0
2116,20.79,0.0,515.0,0
2117,20.79,0.0,519.0,0
2118,20.772,0.0,518.8,0
2119,20.79,0.0,517.3333333,0
2120,20.73,0.0,509.75,0
2121,20.718,0.0,513.6,0
2122,20.73,0.0,511.0,0
2123,20.718,0.0,512.4,0
2124,20.7,0.0,515.5,0
2125,20.736,0.0,511.8,0
2126,20.73,0.0,511.6666667,0
2127,20.7,0.0,509.75,0
2128,20.73,0.0,513.0,0
2129,20.7,0.0,508.5,0
2130,20.7,0.0,510.0,0
2131,20.7,0.0,509.6666667,0
2132,20.7,0.0,508.5,0
2133,20.7,0.0,511.25,0
2134,20.7,0.0,513.3333333,0
2135,20.7,0.0,509.5,0
2136,20.7,0.0,509.0,0
2137,20.7,0.0,509.0,0
2138,20.7,0.0,510.5,0
2139,20.7,0.0,512.0,0
2140,20.7,0.0,509.0,0
2141,20.68,0.0,508.0,0
2142,20.7,0.0,502.25,0
2143,20.675,0.0,502.5,0
2144,20.7,0.0,505.5,0
2145,20.7,0.0,505.5,0
2146,20.7,0.0,500.25,0
2147,20.68,0.0,500.0,0
2148,20.66666667,0.0,499.0,0
2149,20.7,0.0,501.25,0
2150,20.7,0.0,501.0,0
2151,20.7,0.0,502.0,0
2152,20.7,0.0,496.25,0
2153,20.7,0.0,495.8,0
2154,20.66,0.0,497.8,0
2155,20.63333333,0.0,497.0,0
2156,20.625,0.0,497.25,0
2157,20.675,0.0,503.25,0
2158,20.675,0.0,500.0,0
2159,20.7,0.0,494.75,0
2160,20.7,0.0,492.3333333,0
2161,20.7,0.0,492.75,0
2162,20.7,0.0,497.0,0
2163,20.65,0.0,498.5,0
2164,20.7,0.0,498.75,0
2165,20.675,0.0,498.75,0
2166,20.7,0.0,495.3333333,0
2167,20.675,0.0,490.75,0
2168,20.7,0.0,487.75,0
2169,20.65,0.0,491.75,0
2170,20.7,0.0,491.25,0
2171,20.7,0.0,493.5,0
2172,20.7,0.0,493.3333333,0
2173,20.7,0.0,493.25,0
2174,20.7,0.0,491.0,0
2175,20.7,0.0,492.0,0
2176,20.7,0.0,496.0,0
2177,20.7,0.0,493.0,0
2178,20.7,0.0,491.25,0
2179,20.7,0.0,494.0,0
2180,20.7,0.0,494.2,0
2181,20.7,0.0,493.75,0
2182,20.7,0.0,495.75,0
2183,20.7,0.0,492.25,0
2184,20.7,0.0,486.5,0
2185,20.7,0.0,493.3333333,0
2186,20.7,0.0,494.75,0
2187,20.7,0.0,490.0,0
2188,20.7,0.0,490.5,0
2189,20.7,0.0,490.25,0
2190,20.7,0.0,498.25,0
2191,20.7,0.0,499.0,0
2192,20.7,0.0,493.0,0
2193,20.7,0.0,484.8333333,0
2194,20.7,0.0,480.0,0
2195,20.7,0.0,478.75,0
2196,20.7,0.0,483.3333333,0
2197,20.7,0.0,480.2,0
2198,20.7,0.0,483.3333333,0
2199,20.7,0.0,487.0,0
2200,20.7,0.0,485.2,0
2201,20.7,0.0,480.6666667,0
2202,20.7,0.0,480.25,0
2203,20.7,0.0,486.0,0
2204,20.7,0.0,485.75,0
2205,20.7,0.0,483.0,0
2206,20.7,0.0,483.6,0
2207,20.7,0.0,489.3333333,0
2208,20.7,0.0,486.75,0
2209,20.7,0.0,483.5,0
2210,20.7,0.0,482.0,0
2211,20.745,0.0,481.5,0
2212,20.7,0.0,488.25,0
2213,20.7,0.0,486.3333333,0
2214,20.7,0.0,480.6,0
2215,20.7,0.0,485.6666667,0
2216,20.7,0.0,484.8,0
2217,20.7,0.0,481.0,0
2218,20.7,0.0,486.5,0
2219,20.7,0.0,488.0,0
2220,20.7,0.0,481.6666667,0
2221,20.7,0.0,481.0,0
2222,20.7,0.0,483.0,0
2223,20.7,0.0,485.0,0
2224,20.7,0.0,475.6666667,0
2225,20.7,0.0,478.5,0
2226,20.7,0.0,482.8,0
2227,20.7,0.0,482.3333333,0
2228,20.7,0.0,481.5,0
2229,20.7,0.0,479.25,0
2230,20.7,0.0,478.3333333,0
2231,20.7,0.0,477.5,0
2232,20.7,0.0,480.25,0
2233,20.7,0.0,481.5,0
2234,20.7,0.0,481.25,0
2235,20.7,0.0,481.75,0
2236,20.7,0.0,479.0,0
2237,20.7,0.0,482.75,0
2238,20.7,0.0,485.6666667,0
2239,20.7,0.0,484.0,0
2240,20.7,0.0,479.5,0
2241,20.7,0.0,479.75,0
2242,20.7,0.0,480.75,0
2243,20.7,0.0,475.3333333,0
2244,20.7,0.0,475.6666667,0
2245,20.7,0.0,477.25,0
2246,20.7,0.0,478.5,0
2247,20.7,0.0,479.6,0
2248,20.7,0.0,475.6666667,0
2249,20.7,0.0,479.3333333,0
2250,20.7,0.0,478.5,0
2251,20.7,0.0,476.8571429,0
2252,20.7,0.0,477.3333333,0
2253,20.7,0.0,475.25,0
2254,20.7,0.0,479.6666667,0
2255,20.7,0.0,482.0,0
2256,20.7,0.0,475.8,0
2257,20.7,0.0,477.3333333,0
2258,20.7,0.0,475.25,0
2259,20.7,0.0,477.25,0
2260,20.7,0.0,478.6666667,0
2261,20.7,0.0,476.75,0
2262,20.7,0.0,472.5,0
2263,20.7,0.0,471.6,0
2264,20.7,0.0,474.75,0
2265,20.7,0.0,475.6666667,0
2266,20.7,0.0,473.2,0
2267,20.7,0.0,467.0,0
2268,20.7,0.0,466.0,0
2269,20.7,0.0,465.25,0
2270,20.7,0.0,471.0,0
2271,20.7,0.0,471.5,0
2272,20.7,0.0,476.5,0
2273,20.7,0.0,472.75,0
2274,20.7,0.0,470.75,0
2275,20.7,0.0,466.75,0
2276,20.7,0.0,463.75,0
2277,20.7,0.0,469.0,0
2278,20.7,0.0,472.25,0
2279,20.7,0.0,475.4,0
2280,20.7,0.0,474.25,0
2281,20.7,0.0,470.25,0
2282,20.7,0.0,478.0,0
2283,20.7,0.0,469.4,0
2284,20.7,0.0,468.3333333,0
2285,20.7,0.0,469.25,0
2286,20.7,0.0,468.0,0
2287,20.7,0.0,473.0,0
2288,20.7,0.0,474.3333333,0
2289,20.7,0.0,475.75,0
2290,20.7,0.0,473.5,0
2291,20.7,0.0,474.75,0
2292,20.7,0.0,472.0,0
2293,20.7,0.0,468.25,0
2294,20.7,0.0,471.5,0
2295,20.7,0.0,469.0,0
2296,20.7,0.0,468.0,0
2297,20.7,0.0,471.5,0
2298,20.7,0.0,469.6,0
2299,20.7,0.0,466.6,0
2300,20.7,0.0,462.6666667,0
2301,20.7,0.0,461.3333333,0
2302,20.7,0.0,463.75,0
2303,20.7,0.0,466.25,0
2304,20.7,0.0,468.25,0
2305,20.7,0.0,470.6,0
2306,20.7,0.0,467.6666667,0
2307,20.7,0.0,469.0,0
2308,20.7,0.0,464.25,0
2309,20.7,0.0,468.0,0
2310,20.7,0.0,468.75,0
2311,20.7,0.0,472.3333333,0
2312,20.7,0.0,468.6666667,0
2313,20.7,0.0,467.6666667,0
2314,20.7,0.0,462.3333333,0
2315,20.7,0.0,463.5,0
2316,20.7,0.0,467.4,0
2317,20.7,0.0,465.6666667,0
2318,20.7,0.0,465.75,0
2319,20.7,0.0,469.75,0
2320,20.7,0.0,463.3333333,0
2321,20.62,0.0,462.6,0
2322,20.7,0.0,468.25,0
2323,20.7,0.0,469.25,0
2324,20.675,0.0,469.0,0
2325,20.66666667,0.0,471.3333333,0
2326,20.625,0.0,467.75,0
2327,20.7,0.0,459.0,0
2328,20.68,0.0,464.6,0
2329,20.66666667,0.0,467.6666667,0
2330,20.7,0.0,473.25,0
2331,20.7,0.0,471.0,0
2332,20.675,0.0,465.75,0
2333,20.7,0.0,461.5,0
2334,20.675,0.0,464.5,0
2335,20.7,0.0,464.8,0
2336,20.63333333,0.0,468.3333333,0
2337,20.66666667,0.0,464.3333333,0
2338,20.6,0.0,463.2,0
2339,20.66666667,0.0,465.3333333,0
2340,20.675,0.0,464.25,0
2341,20.64,0.0,460.0,0
2342,20.7,0.0,461.0,0
2343,20.66666667,0.0,467.0,0
2344,20.64,0.0,462.2,0
2345,20.6,0.0,459.75,0
2346,20.65,0.0,455.25,0
2347,20.625,0.0,455.25,0
2348,20.6,0.0,461.3333333,0
2349,20.6,0.0,465.25,0
2350,20.6,0.0,464.75,0
2351,20.6,0.0,464.8,0
2352,20.6,0.0,463.5,0
2353,20.625,0.0,463.5,0
2354,20.6,0.0,465.6666667,0
2355,20.625,0.0,464.5,0
2356,20.62,0.0,467.6,0
2357,20.625,0.0,459.5,0
2358,20.625,0.0,457.5,0
2359,20.6,0.0,463.3333333,0
2360,20.6,0.0,465.0,0
2361,20.6,0.0,468.25,0
2362,20.6,0.0,465.0,0
2363,20.6,0.0,464.5,0
2364,20.6,0.0,465.5,0
2365,20.6,0.0,465.75,0
2366,20.6,0.0,469.75,0
2367,20.6,0.0,468.2,0
2368,20.6,0.0,463.5,0
2369,20.6,0.0,461.5,0
2370,20.6,0.0,464.0,0
2371,20.6,0.0,464.0,0
2372,20.61666667,0.0,466.5,0
2373,20.63333333,0.0,461.0,0
2374,20.625,0.0,459.25,0
2375,20.66,0.0,459.6,0
2376,20.6,0.0,460.3333333,0
2377,20.6,0.0,458.5,0
2378,20.6,0.0,460.0,0
2379,20.625,0.0,464.5,0
2380,20.62,0.0,467.2,0
2381,20.6,0.0,456.0,0
2382,20.6,0.0,459.5,0
2383,20.6,0.0,460.3333333,0
2384,20.6,0.0,462.2,0
2385,20.6,0.0,460.5,0
2386,20.6,0.0,464.25,0
2387,20.63333333,0.0,464.3333333,0
2388,20.6,0.0,465.75,0
2389,20.6,0.0,463.5,0
2390,20.6,0.0,466.2,0
2391,20.6,0.0,466.25,0
2392,20.6,0.0,466.0,0
2393,20.6,0.0,463.25,0
2394,20.575,0.0,466.75,0
2395,20.6,0.0,467.6666667,0
2396,20.6,0.0,463.5,0
2397,20.6,0.0,459.25,0
2398,20.6,0.0,463.25,0
2399,20.575,0.0,463.0,0
2400,20.53333333,0.0,459.3333333,0
2401,20.55,0.0,463.0,0
2402,20.575,0.0,460.75,0
2403,20.56,0.0,462.4,0
2404,20.52,0.0,464.0,0
2405,20.53333333,0.0,462.6666667,0
2406,20.55,0.0,467.0,0
2407,20.6,0.0,468.0,0
2408,20.6,0.0,463.25,0
2409,20.6,0.0,462.5,0
2410,20.6,0.0,467.75,0
2411,20.66666667,0.0,467.6666667,0
2412,20.6,0.0,466.25,0
2413,20.6,0.0,466.5,0
2414,20.6,0.0,467.5,0
2415,20.6,0.0,464.5,0
2416,20.6,0.0,460.5,0
2417,20.6,0.0,457.0,0
2418,20.6,0.0,459.4,0
2419,20.63333333,0.0,465.0,0
2420,20.6,0.0,465.75,0
2421,20.625,0.0,468.75,0
2422,20.6,0.0,463.5,0
2423,20.6,0.0,463.25,0
2424,20.6,0.0,466.3333333,0
2425,20.6,0.0,467.8,0
2426,20.575,0.0,463.25,0
2427,20.525,0.0,468.75,0
2428,20.56666667,0.0,465.0,0
2429,20.525,0.0,464.75,0
2430,20.54,0.0,466.4,0
2431,20.5,0.0,467.0,0
2432,20.5,0.0,466.75,0
2433,20.525,0.0,468.75,0
2434,20.5,0.0,468.6666667,0
2435,20.5,0.0,466.75,0
2436,20.5,0.0,462.5,0
2437,20.525,0.0,465.5,0
2438,20.54,0.0,463.8,0
2439,20.5,0.0,467.3333333,0
2440,20.56666667,0.0,466.75,0
2441,20.5,0.0,466.8,0
2442,20.5,0.0,464.0,0
2443,20.52,0.0,461.4,0
2444,20.5,0.0,464.6666667,0
2445,20.5,0.0,465.5,0
2446,20.5,0.0,467.6666667,0
2447,20.5,0.0,473.5,0
2448,20.52,0.0,469.8,0
2449,20.5,0.0,469.6666667,0
2450,20.5,0.0,470.6,0
2451,20.5,0.0,468.0,0
2452,20.5,0.0,468.5,0
2453,20.5,0.0,470.0,0
2454,20.4725,0.0,472.75,0
2455,20.5,0.0,466.75,0
2456,20.4725,0.0,466.0,0
2457,20.42666667,0.0,467.3333333,0
2458,20.4725,0.0,468.5,0
2459,20.456,0.0,470.8,0
2460,20.5,0.0,472.0,0
2461,20.478,0.0,470.0,0
2462,20.445,0.0,466.6666667,0
2463,20.5,0.0,461.4,0
2464,20.39,0.0,462.6666667,0
2465,20.4725,0.0,464.75,0
2466,20.5,0.0,473.5,0
2467,20.456,0.0,472.5,0
2468,20.42666667,0.0,473.0,0
2469,20.46333333,0.0,473.0,0
2470,20.445,0.0,469.8333333,0
2471,20.445,0.0,469.25,0
2472,20.4175,0.0,471.75,0
2473,20.42666667,0.0,472.6666667,0
2474,20.4175,0.0,471.5,0
2475,20.4725,0.0,471.0,0
2476,20.39,0.0,472.0,0
2477,20.434,0.0,468.8,0
2478,20.42666667,56.33333333,471.6666667,0
2479,20.39,311.75,474.75,1
2480,20.4175,426.0,473.5,1
2481,20.4725,433.0,473.75,1
2482,20.48166667,423.6666667,484.5,1
2483,20.5,419.0,492.4,1
2484,20.5,419.0,491.0,1
2485,20.5,419.0,487.2,1
2486,20.55,415.5,493.25,1
2487,20.52,409.8,499.6,1
2488,20.525,414.6,506.2,1
2489,20.6,413.0,507.3333333,0
2490,20.6,414.6,514.6,0
2491,20.6,407.5,522.25,0
2492,20.6,406.6,525.6,0
2493,20.6,399.5,528.0,0
2494,20.63333333,398.3333333,537.3333333,1
2495,20.66,406.2,538.8,1
2496,20.625,414.0,538.5,1
2497,20.66,412.2,535.8,1
2498,20.675,411.0,538.75,1
2499,20.7,408.0,546.25,1
2500,20.7,405.0,554.6666667,1
2501,20.7,405.0,565.3333333,1
2502,20.7,405.0,573.0,1
2503,20.71285714,405.0,581.1428571,1
2504,20.7,405.0,587.25,1
2505,20.754,413.4,588.2,1
2506,20.775,416.6666667,589.5,1
2507,20.772,419.0,592.0,1
2508,20.79,419.0,599.8,1
2509,20.79,419.0,605.4,1
2510,20.79,419.0,611.25,1
2511,20.81,419.0,616.4,1
2512,20.865,419.0,621.0,1
2513,20.82333333,419.0,622.6666667,1
2514,20.85666667,419.0,624.0,1
2515,20.84,419.0,623.75,1
2516,20.87,433.0,632.4,1
2517,20.89,433.0,639.0,1
2518,20.87333333,433.0,646.0,1
2519,20.84,433.0,649.5,1
2520,20.89,433.0,649.8,1
2521,20.865,433.0,656.75,1
2522,20.84,433.0,660.75,1
2523,20.87333333,437.6666667,659.3333333,1
2524,20.87,440.6,671.6,1
2525,20.84,442.5,673.5,1
2526,20.865,438.0,678.25,1
2527,20.89,441.0,681.0,1
2528,20.89,429.0,683.0,1
2529,20.89,429.0,689.4,1
2530,20.89,429.0,694.25,1
2531,20.912,435.0,690.4,1
2532,20.945,444.0,697.3333333,1
2533,20.9725,444.0,710.25,1
2534,20.956,444.0,717.8,0
2535,21.0,444.0,720.75,0
2536,21.0,444.0,721.4,0
2537,21.0,444.0,718.0,0
2538,21.0,444.0,715.5,0
2539,21.0,447.2,713.0,0
2540,21.0,456.8,714.8,0
2541,21.0,460.0,714.5,1
2542,21.0,454.75,711.0,1
2543,21.0,453.0,705.0,1
2544,21.0,451.6,711.0,1
2545,21.025,454.75,713.5,1
2546,21.08333333,453.0,719.5,1
2547,21.06666667,458.0,727.6666667,1
2548,21.11666667,458.0,728.6666667,1
2549,21.15,459.25,731.25,1
2550,21.2,454.0,738.5,1
2551,21.2,454.0,740.2,1
2552,21.2,454.0,735.75,1
2553,21.2,454.0,735.0,1
2554,21.215,456.5,746.1666667,1
2555,21.2,465.25,762.75,1
2556,21.2,469.0,766.2,1
2557,21.2,469.0,763.4,1
2558,21.215,462.3333333,773.8333333,0
2559,21.2,464.0,777.75,0
2560,21.2,462.3333333,778.0,1
2561,21.2,470.2,778.4,1
2562,21.2225,475.75,774.75,1
2563,21.236,471.0,774.0,1
2564,21.29,480.25,778.0,1
2565,21.29,487.0,779.0,1
2566,21.272,503.6,780.6,1
2567,21.29,509.5,786.25,1
2568,21.29,527.25,800.75,1
2569,21.34,524.5,814.0,1
2570,21.412,529.8,832.0,1
2571,21.5,534.0,849.25,1
2572,21.5,544.0,860.6,1
2573,21.6,538.0,871.0,1
2574,21.66,553.0,879.5,1
2575,21.7,542.5,894.0,1
2576,21.7225,547.0,905.5,1
2577,21.79,559.2,911.2,1
2578,21.81,567.8,919.2,1
2579,21.865,554.0,923.5,1
2580,21.89,563.0,931.75,1
2581,21.89,564.5,934.75,1
2582,21.945,577.5,934.75,1
2583,22.0,578.8,939.0,1
2584,22.0,581.6666667,936.6666667,1
2585,22.08571429,580.0,936.4285714,1
2586,22.1,596.0,936.5,1
2587,22.1,594.8,937.6,1
2588,22.14,603.4,937.8,1
2589,22.2,608.25,946.0,0
2590,22.29,606.6666667,950.3333333,0
2591,22.29,612.0,937.3333333,1
2592,22.29,611.0,943.6666667,1
2593,22.32333333,617.0,946.1666667,1
2594,22.39,624.75,944.5,1
2595,22.39,630.4,944.4,1
2596,22.445,632.5,948.0,1
2597,22.5,652.0,940.3333333,1
2598,22.5,643.5,944.3333333,1
2599,22.56666667,648.6666667,942.1666667,1
2600,22.6,767.0,948.6666667,1
2601,22.6,1419.5,945.0,1
2602,22.7,1697.25,951.75,1
2603,22.7,1209.8,958.6,1
2604,22.7225,685.75,956.25,1
2605,22.7675,684.75,952.25,1
2606,22.79,679.4,954.6,1
2607,22.82333333,683.0,961.6666667,1
2608,22.89,692.0,961.75,1
2609,22.89,693.8,953.8,1
2610,22.90833333,689.0,956.3333333,1
2611,22.9725,693.75,970.0,1
2612,23.0,686.5,971.25,1
2613,23.025,698.25,986.25,1
2614,23.1,694.8333333,985.0,1
2615,23.1,690.0,997.0,1
2616,23.2,696.8,1003.8,1
2617,23.2,710.0,1004.833333,1
2618,23.2,722.0,1011.4,1
2619,23.29,732.0,1022.5,1
2620,23.29,735.0,1029.833333,1
2621,23.31,719.2,1031.0,1
2622,23.39,723.3333333,1040.0,1
2623,23.365,729.0,1040.5,1
2624,23.39,738.0,1042.0,1
2625,23.456,738.0,1052.4,1
2626,23.5,734.4,1062.8,1
2627,23.58,738.0,1067.75,1
2628,23.6,747.0,1072.25,1
2629,23.64,745.2,1095.2,1
2630,23.66666667,746.3333333,1109.0,1
2631,23.7,737.8,1119.0,1
2632,23.718,745.0,1123.4,1
2633,23.79,740.5,1122.5,1
2634,23.745,754.0,1123.0,1
2635,23.79,763.0,1158.2,1
2636,23.79,758.25,1160.25,1
2637,23.89,755.5,1166.0,1
2638,23.89,758.25,1164.75,1
2639,23.89,772.75,1163.25,1
2640,23.98428571,767.0,1172.714286,1
2641,24.0,774.5,1182.0,1
2642,24.05,774.5,1182.0,1
2643,24.08,769.8,1187.6,1
2644,24.1,758.3333333,1191.333333,1
2645,24.1,775.75,1213.75,1
2646,24.1,775.0,1194.0,1
2647,24.1,783.4,1173.4,1
2648,24.1,789.6,1160.2,1
2649,24.1,797.5,1156.25,1
2650,24.1,799.0,1139.0,1
2651,24.175,782.5,1140.5,1
2652,24.2,786.1666667,1145.333333,1
2653,24.2,794.25,1149.25,1
2654,24.2,797.5,1152.5,1
2655,24.2,787.0,1153.25,1
2656,24.218,805.0,1152.4,1
2657,24.26,798.0,1146.166667,1
2658,24.29,793.0,1145.4,1
2659,24.29,801.4,1140.8,1
2660,24.29,808.0,1150.25,1
2661,24.33,809.8,1129.2,1
2662,24.33,817.0,1125.8,1
2663,24.35666667,813.0,1123.0,1
2664,24.40833333,798.0,1124.0,1
